time_s,rail_v,trigger_v
0.000000000,3.300000,0.000
0.000005000,3.303502,0.000
0.000010000,3.305133,0.000
0.000015000,3.304438,0.000
0.000020000,3.302699,0.000
0.000025000,3.301920,0.000
0.000030000,3.303252,0.000
0.000035000,3.306087,0.000
0.000040000,3.308511,0.000
0.000045000,3.308774,0.000
0.000050000,3.306635,0.000
0.000055000,3.303552,0.000
0.000060000,3.301562,0.000
0.000065000,3.301719,0.000
0.000070000,3.303297,0.000
0.000075000,3.304376,0.000
0.000080000,3.303344,0.000
0.000085000,3.300177,0.000
0.000090000,3.296483,0.000
0.000095000,3.294291,0.000
0.000100000,3.294514,0.000
0.000105000,3.296271,0.000
0.000110000,3.297593,0.000
0.000115000,3.296967,0.000
0.000120000,3.294521,0.000
0.000125000,3.291940,0.000
0.000130000,3.291169,0.000
0.000135000,3.292915,0.000
0.000140000,3.296095,0.000
0.000145000,3.298663,0.000
0.000150000,3.299178,0.000
0.000155000,3.297894,0.000
0.000160000,3.296544,0.000
0.000165000,3.296972,0.000
0.000170000,3.299681,0.000
0.000175000,3.303414,0.000
0.000180000,3.306094,0.000
0.000185000,3.306402,0.000
0.000190000,3.304767,0.000
0.000195000,3.303009,0.000
0.000200000,3.302918,0.000
0.000205000,3.304850,0.000
0.000210000,3.307445,0.000
0.000215000,3.308674,0.000
0.000220000,3.307402,0.000
0.000225000,3.304277,0.000
0.000230000,3.301240,0.000
0.000235000,3.300040,0.000
0.000240000,3.300907,0.000
0.000245000,3.302400,0.000
0.000250000,3.302545,0.000
0.000255000,3.300392,0.000
0.000260000,3.296777,0.000
0.000265000,3.293710,0.000
0.000270000,3.292844,0.000
0.000275000,3.294230,0.000
0.000280000,3.296295,0.000
0.000285000,3.297080,0.000
0.000290000,3.295762,0.000
0.000295000,3.293300,0.000
0.000300000,3.291696,0.000
0.000305000,3.292444,0.000
0.000310000,3.295368,0.000
0.000315000,3.298743,0.000
0.000320000,3.300607,0.000
0.000325000,3.300255,0.000
0.000330000,3.298758,0.000
0.000335000,3.298104,0.000
0.000340000,3.299634,0.000
0.000345000,3.302978,0.000
0.000350000,3.306307,0.000
0.000355000,3.307723,0.000
0.000360000,3.306698,0.000
0.000365000,3.304465,0.000
0.000370000,3.303044,0.000
0.000375000,3.303678,0.000
0.000380000,3.305862,0.000
0.000385000,3.307735,0.000
0.000390000,3.307526,0.000
0.000395000,3.304931,0.000
0.000400000,3.301367,0.000
0.000405000,3.298896,0.000
0.000410000,3.298660,0.000
0.000415000,3.300022,0.000
0.000420000,3.301094,0.000
0.000425000,3.300218,0.000
0.000430000,3.297284,0.000
0.000435000,3.293837,0.000
0.000440000,3.291914,0.000
0.000445000,3.292490,0.000
0.000450000,3.294746,0.000
0.000455000,3.296712,0.000
0.000460000,3.296799,0.000
0.000465000,3.295029,0.000
0.000470000,3.293014,0.000
0.000475000,3.292702,0.000
0.000480000,3.294860,0.000
0.000485000,3.298458,0.000
0.000490000,3.301447,0.000
0.000495000,3.302313,0.000
0.000500000,3.301217,0.000
0.000505000,3.299843,0.000
0.000510000,3.300066,0.000
0.000515000,3.302473,0.000
0.000520000,3.305885,0.000
0.000525000,3.308241,0.000
0.000530000,3.308169,0.000
0.000535000,3.306034,0.000
0.000540000,3.303638,0.000
0.000545000,3.302829,0.000
0.000550000,3.304070,0.000
0.000555000,3.306087,0.000
0.000560000,3.306867,0.000
0.000565000,3.305226,0.000
0.000570000,3.301749,0.000
0.000575000,3.298357,0.000
0.000580000,3.296856,0.000
0.000585000,3.297568,0.000
0.000590000,3.299113,0.000
0.000595000,3.299506,0.000
0.000600000,3.297717,0.000
0.000605000,3.294494,0.000
0.000610000,3.291809,0.000
0.000615000,3.291351,0.000
0.000620000,3.293236,0.000
0.000625000,3.295928,0.000
0.000630000,3.297424,0.000
0.000635000,3.296803,0.000
0.000640000,3.294927,0.000
0.000645000,3.293761,0.000
0.000650000,3.294837,0.000
0.000655000,3.298049,0.000
0.000660000,3.301705,0.000
0.000665000,3.303812,0.000
0.000670000,3.303578,0.000
0.000675000,3.302001,0.000
0.000680000,3.301063,0.000
0.000685000,3.302176,0.000
0.000690000,3.305061,0.000
0.000695000,3.307950,0.000
0.000700000,3.308927,0.000
0.000705000,3.307403,0.000
0.000710000,3.304563,0.000
0.000715000,3.302449,0.000
0.000720000,3.302390,0.000
0.000725000,3.303985,0.000
0.000730000,3.305430,0.000
0.000735000,3.304930,0.000
0.000740000,3.302114,0.000
0.000745000,3.298344,0.000
0.000750000,3.295695,0.000
0.000755000,3.295384,0.000
0.000760000,3.296854,0.000
0.000765000,3.298238,0.000
0.000770000,3.297827,0.000
0.000775000,3.295411,0.000
0.000780000,3.292461,0.000
0.000785000,3.291009,0.000
0.000790000,3.292084,0.000
0.000795000,3.294922,0.000
0.000800000,3.297556,0.000
0.000805000,3.298321,0.000
0.000810000,3.297135,0.000
0.000815000,3.295537,0.000
0.000820000,3.295481,0.000
0.000825000,3.297798,0.000
0.000830000,3.301524,0.000
0.000835000,3.304620,0.000
0.000840000,3.305512,0.000
0.000845000,3.304281,0.000
0.000850000,3.302569,0.000
0.000855000,3.302290,0.000
0.000860000,3.304127,0.000
0.000865000,3.306989,0.000
0.000870000,3.308841,0.000
0.000875000,3.308270,0.000
0.000880000,3.305578,0.000
0.000885000,3.302549,0.000
0.000890000,3.301088,0.000
0.000895000,3.301757,0.000
0.000900000,3.303370,0.000
0.000905000,3.303926,0.000
0.000910000,3.302186,0.000
0.000915000,3.298658,0.000
0.000920000,3.295235,0.000
0.000925000,3.293762,0.000
0.000930000,3.294640,0.000
0.000935000,3.296543,0.000
0.000940000,3.297465,0.000
0.000945000,3.296289,0.000
0.000950000,3.293666,0.000
0.000955000,3.291518,0.000
0.000960000,3.291561,0.000
0.000965000,3.293975,0.000
0.000970000,3.297256,0.000
0.000975000,3.299369,0.000
0.000980000,3.299298,0.000
0.000985000,3.297811,0.000
0.000990000,3.296840,0.000
0.000995000,3.297961,0.000
0.001000000,3.301146,0.000
0.001005000,3.304756,0.000
0.001010000,3.306775,0.000
0.001015000,3.306342,0.000
0.001020000,3.304390,0.000
0.001025000,3.302904,0.000
0.001030000,3.303369,0.000
0.001035000,3.305613,0.000
0.001040000,3.307933,0.000
0.001045000,3.308405,0.000
0.001050000,3.306383,0.000
0.001055000,3.303000,0.000
0.001060000,3.300314,0.000
0.001065000,3.299736,0.000
0.001070000,3.300962,0.000
0.001075000,3.302240,0.000
0.001080000,3.301746,0.000
0.001085000,3.299029,0.000
0.001090000,3.295384,0.000
0.001095000,3.292887,0.000
0.001100000,3.292810,0.000
0.001105000,3.294669,0.000
0.001110000,3.296614,0.000
0.001115000,3.296874,0.000
0.001120000,3.295133,0.000
0.001125000,3.292781,0.000
0.001130000,3.291838,0.000
0.001135000,3.293384,0.000
0.001140000,3.296714,0.000
0.001145000,3.299865,0.000
0.001150000,3.301110,0.000
0.001155000,3.300267,0.000
0.001160000,3.298810,0.000
0.001165000,3.298704,0.000
0.001170000,3.300853,0.000
0.001175000,3.304375,0.000
0.001180000,3.307253,0.000
0.001185000,3.307871,0.000
0.001190000,3.306236,0.000
0.001195000,3.303960,0.000
0.001200000,3.302999,0.000
0.001205000,3.304135,0.000
0.001210000,3.306372,0.000
0.001215000,3.307710,0.000
0.001220000,3.306696,0.000
0.001225000,3.303566,0.000
0.001230000,3.300081,0.000
0.001235000,3.298188,0.000
0.001240000,3.298547,0.000
0.001245000,3.300045,0.000
0.001250000,3.300691,0.000
0.001255000,3.299180,0.000
0.001260000,3.295932,0.000
0.001265000,3.292795,0.000
0.001270000,3.291639,0.000
0.001275000,3.292934,0.000
0.001280000,3.295400,0.000
0.001285000,3.297007,0.000
0.001290000,3.296548,0.000
0.001295000,3.294568,0.000
0.001300000,3.292939,0.000
0.001305000,3.293400,0.000
0.001310000,3.296197,0.000
0.001315000,3.299869,0.000
0.001320000,3.302356,0.000
0.001325000,3.302557,0.000
0.001330000,3.301156,0.000
0.001335000,3.300060,0.000
0.001340000,3.300897,0.000
0.001345000,3.303731,0.000
0.001350000,3.306987,0.000
0.001355000,3.308644,0.000
0.001360000,3.307780,0.000
0.001365000,3.305271,0.000
0.001370000,3.303107,0.000
0.001375000,3.302852,0.000
0.001380000,3.304439,0.000
0.001385000,3.306236,0.000
0.001390000,3.306314,0.000
0.001395000,3.303962,0.000
0.001400000,3.300259,0.000
0.001405000,3.297264,0.000
0.001410000,3.296459,0.000
0.001415000,3.297628,0.000
0.001420000,3.299062,0.000
0.001425000,3.298899,0.000
0.001430000,3.296597,0.000
0.001435000,3.293374,0.000
0.001440000,3.291287,0.000
0.001445000,3.291657,0.000
0.001450000,3.294063,0.000
0.001455000,3.296670,0.000
0.001460000,3.297643,0.000
0.001465000,3.296564,0.000
0.001470000,3.294737,0.000
0.001475000,3.294167,0.000
0.001480000,3.295990,0.000
0.001485000,3.299568,0.000
0.001490000,3.302957,0.000
0.001495000,3.304376,0.000
0.001500000,3.303557,0.000
0.001505000,3.301917,0.000
0.001510000,3.301440,0.000
0.001515000,3.303116,0.000
0.001520000,3.306153,0.000
0.001525000,3.308574,0.000
0.001530000,3.308727,0.000
0.001535000,3.306557,0.000
0.001540000,3.303643,0.000
0.001545000,3.301984,0.000
0.001550000,3.302464,0.000
0.001555000,3.304180,0.000
0.001560000,3.305163,0.000
0.001565000,3.303921,0.000
0.001570000,3.300615,0.000
0.001575000,3.296968,0.000
0.001580000,3.294960,0.000
0.001585000,3.295332,0.000
0.001590000,3.297038,0.000
0.001595000,3.298087,0.000
0.001600000,3.297098,0.000
0.001605000,3.294393,0.000
0.001610000,3.291762,0.000
0.001615000,3.291090,0.000
0.001620000,3.292908,0.000
0.001625000,3.295982,0.000
0.001630000,3.298258,0.000
0.001635000,3.298441,0.000
0.001640000,3.296975,0.000
0.001645000,3.295682,0.000
0.001650000,3.296326,0.000
0.001655000,3.299228,0.000
0.001660000,3.302983,0.000
0.001665000,3.305519,0.000
0.001670000,3.305666,0.000
0.001675000,3.304034,0.000
0.001680000,3.302510,0.000
0.001685000,3.302786,0.000
0.001690000,3.305025,0.000
0.001695000,3.307728,0.000
0.001700000,3.308880,0.000
0.001705000,3.307506,0.000
0.001710000,3.304425,0.000
0.001715000,3.301628,0.000
0.001720000,3.300755,0.000
0.001725000,3.301842,0.000
0.001730000,3.303322,0.000
0.001735000,3.303258,0.000
0.001740000,3.300869,0.000
0.001745000,3.297163,0.000
0.001750000,3.294189,0.000
0.001755000,3.293484,0.000
0.001760000,3.294909,0.000
0.001765000,3.296788,0.000
0.001770000,3.297217,0.000
0.001775000,3.295554,0.000
0.001780000,3.292926,0.000
0.001785000,3.291364,0.000
0.001790000,3.292234,0.000
0.001795000,3.295174,0.000
0.001800000,3.298368,0.000
0.001805000,3.299924,0.000
0.001810000,3.299325,0.000
0.001815000,3.297794,0.000
0.001820000,3.297328,0.000
0.001825000,3.299126,0.000
0.001830000,3.302627,0.000
0.001835000,3.305921,0.000
0.001840000,3.307190,0.000
0.001845000,3.306090,0.000
0.001850000,3.303992,0.000
0.001855000,3.302904,0.000
0.001860000,3.303907,0.000
0.001865000,3.306311,0.000
0.001870000,3.308184,0.000
0.001875000,3.307848,0.000
0.001880000,3.305184,0.000
0.001885000,3.301736,0.000
0.001890000,3.299538,0.000
0.001895000,3.299566,0.000
0.001900000,3.301008,0.000
0.001905000,3.301922,0.000
0.001910000,3.300763,0.000
0.001915000,3.297610,0.000
0.001920000,3.294134,0.000
0.001925000,3.292331,0.000
0.001930000,3.293009,0.000
0.001935000,3.295183,0.000
0.001940000,3.296854,0.000
0.001945000,3.296561,0.000
0.001950000,3.294521,0.000
0.001955000,3.292458,0.000
0.001960000,3.292266,0.000
0.001965000,3.294538,0.000
0.001970000,3.298088,0.000
0.001975000,3.300850,0.000
0.001980000,3.301447,0.000
0.001985000,3.300230,0.000
0.001990000,3.298976,0.000
0.001995000,3.299485,0.000
0.002000000,3.302160,0.000
0.002005000,3.305669,0.000
0.002010000,3.307943,0.000
0.002015000,3.307755,0.000
0.002020000,3.305649,0.000
0.002025000,3.303501,0.000
0.002030000,3.303068,0.000
0.002035000,3.304619,0.000
0.002040000,3.306736,0.000
0.002045000,3.307415,0.000
0.002050000,3.305626,0.000
0.002055000,3.302129,0.000
0.002060000,3.298909,0.000
0.002065000,3.297667,0.000
0.002070000,3.298535,0.000
0.002075000,3.300005,0.000
0.002080000,3.300122,0.000
0.002085000,3.298026,0.000
0.002090000,3.294641,0.000
0.002095000,3.291989,0.000
0.002100000,3.291649,0.000
0.002105000,3.293553,0.000
0.002110000,3.296050,0.000
0.002115000,3.297190,0.000
0.002120000,3.296229,0.000
0.002125000,3.294201,0.000
0.002130000,3.293107,0.000
0.002135000,3.294353,0.000
0.002140000,3.297646,0.000
0.002145000,3.301195,0.000
0.002150000,3.303067,0.000
0.002155000,3.302652,0.000
0.002160000,3.301103,0.000
0.002165000,3.300417,0.000
0.002170000,3.301862,0.000
0.002175000,3.304973,0.000
0.002180000,3.307883,0.000
0.002185000,3.308753,0.000
0.002190000,3.307171,0.000
0.002195000,3.304467,0.000
0.002200000,3.302676,0.000
0.002205000,3.302972,0.000
0.002210000,3.304768,0.000
0.002215000,3.306180,0.000
0.002220000,3.305503,0.000
0.002225000,3.302548,0.000
0.002230000,3.298817,0.000
0.002235000,3.296366,0.000
0.002240000,3.296250,0.000
0.002245000,3.297738,0.000
0.002250000,3.298905,0.000
0.002255000,3.298150,0.000
0.002260000,3.295455,0.000
0.002265000,3.292422,0.000
0.002270000,3.291054,0.000
0.002275000,3.292217,0.000
0.002280000,3.294980,0.000
0.002285000,3.297335,0.000
0.002290000,3.297743,0.000
0.002295000,3.296314,0.000
0.002300000,3.294705,0.000
0.002305000,3.294822,0.000
0.002310000,3.297322,0.000
0.002315000,3.301080,0.000
0.002320000,3.304027,0.000
0.002325000,3.304722,0.000
0.002330000,3.303430,0.000
0.002335000,3.301893,0.000
0.002340000,3.301956,0.000
0.002345000,3.304116,0.000
0.002350000,3.307122,0.000
0.002355000,3.308923,0.000
0.002360000,3.308246,0.000
0.002365000,3.305572,0.000
0.002370000,3.302767,0.000
0.002375000,3.301650,0.000
0.002380000,3.302596,0.000
0.002385000,3.304268,0.000
0.002390000,3.304668,0.000
0.002395000,3.302710,0.000
0.002400000,3.299083,0.000
0.002405000,3.295750,0.000
0.002410000,3.294463,0.000
0.002415000,3.295437,0.000
0.002420000,3.297213,0.000
0.002425000,3.297811,0.000
0.002430000,3.296281,0.000
0.002435000,3.293453,0.000
0.002440000,3.291311,0.000
0.002445000,3.291467,0.000
0.002450000,3.293915,0.000
0.002455000,3.297034,0.000
0.002460000,3.298830,0.000
0.002465000,3.298461,0.000
0.002470000,3.296867,0.000
0.002475000,3.296022,0.000
0.002480000,3.297382,0.000
0.002485000,3.300730,0.000
0.002490000,3.304315,0.000
0.002495000,3.306173,0.000
0.002500000,3.305619,0.000
0.002505000,3.303743,0.000
0.002510000,3.302550,0.000
0.002515000,3.303388,0.000
0.002520000,3.305892,0.000
0.002525000,3.308256,0.000
0.002530000,3.308623,0.000
0.002535000,3.306521,0.000
0.002540000,3.303236,0.000
0.002545000,3.300827,0.000
0.002550000,3.300555,0.000
0.002555000,3.301932,0.000
0.002560000,3.303120,0.000
0.002565000,3.302380,0.000
0.002570000,3.299445,0.000
0.002575000,3.295758,0.000
0.002580000,3.293383,0.000
0.002585000,3.293444,0.000
0.002590000,3.295276,0.000
0.002595000,3.296968,0.000
0.002600000,3.296851,0.000
0.002605000,3.294804,0.000
0.002610000,3.292354,0.000
0.002615000,3.291498,0.000
0.002620000,3.293156,0.000
0.002625000,3.296454,0.000
0.002630000,3.299380,0.000
0.002635000,3.300323,0.000
0.002640000,3.299292,0.000
0.002645000,3.297882,0.000
0.002650000,3.298016,0.000
0.002655000,3.300426,0.000
0.002660000,3.304060,0.000
0.002665000,3.306864,0.000
0.002670000,3.307342,0.000
0.002675000,3.305688,0.000
0.002680000,3.303616,0.000
0.002685000,3.303019,0.000
0.002690000,3.304498,0.000
0.002695000,3.306890,0.000
0.002700000,3.308170,0.000
0.002705000,3.307021,0.000
0.002710000,3.303861,0.000
0.002715000,3.300540,0.000
0.002720000,3.298930,0.000
0.002725000,3.299506,0.000
0.002730000,3.301003,0.000
0.002735000,3.301428,0.000
0.002740000,3.299624,0.000
0.002745000,3.296199,0.000
0.002750000,3.293080,0.000
0.002755000,3.292053,0.000
0.002760000,3.293406,0.000
0.002765000,3.295722,0.000
0.002770000,3.296990,0.000
0.002775000,3.296165,0.000
0.002780000,3.293977,0.000
0.002785000,3.292366,0.000
0.002790000,3.292972,0.000
0.002795000,3.295855,0.000
0.002800000,3.299430,0.000
0.002805000,3.301666,0.000
0.002810000,3.301634,0.000
0.002815000,3.300188,0.000
0.002820000,3.299283,0.000
0.002825000,3.300430,0.000
0.002830000,3.303501,0.000
0.002835000,3.306801,0.000
0.002840000,3.308351,0.000
0.002845000,3.307401,0.000
0.002850000,3.304986,0.000
0.002855000,3.303123,0.000
0.002860000,3.303242,0.000
0.002865000,3.305085,0.000
0.002870000,3.306909,0.000
0.002875000,3.306846,0.000
0.002880000,3.304360,0.000
0.002885000,3.300686,0.000
0.002890000,3.297896,0.000
0.002895000,3.297329,0.000
0.002900000,3.298586,0.000
0.002905000,3.299867,0.000
0.002910000,3.299391,0.000
0.002915000,3.296803,0.000
0.002920000,3.293471,0.000
0.002925000,3.291454,0.000
0.002930000,3.291930,0.000
0.002935000,3.294297,0.000
0.002940000,3.296651,0.000
0.002945000,3.297255,0.000
0.002950000,3.295882,0.000
0.002955000,3.293977,0.000
0.002960000,3.293533,0.000
0.002965000,3.295526,0.000
0.002970000,3.299144,0.000
0.002975000,3.302384,0.000
0.002980000,3.303573,0.000
0.002985000,3.302630,0.000
0.002990000,3.301098,0.000
0.002995000,3.300924,0.000
0.003000000,3.302925,0.000
0.003005000,3.306136,0.000
0.003010000,3.308530,0.000
0.003015000,3.308571,0.000
0.003020000,3.306390,0.000
0.003025000,3.303672,0.000
0.003030000,3.302363,0.000
0.003035000,3.303164,0.000
0.003040000,3.305007,0.000
0.003045000,3.305893,0.000
0.003050000,3.304456,0.000
0.003055000,3.301046,0.000
0.003060000,3.297484,0.000
0.003065000,3.295684,0.000
0.003070000,3.296206,0.000
0.003075000,3.297853,0.000
0.003080000,3.298623,0.000
0.003085000,3.297283,0.000
0.003090000,3.294345,0.000
0.003095000,3.291688,0.000
0.003100000,3.291121,0.000
0.003105000,3.292994,0.000
0.003110000,3.295932,0.000
0.003115000,3.297893,0.000
0.003120000,3.297738,0.000
0.003125000,3.296098,0.000
0.003130000,3.294867,0.000
0.003135000,3.295717,0.000
0.003140000,3.298780,0.000
0.003145000,3.302518,0.000
0.003150000,3.304882,0.000
0.003155000,3.304862,0.000
0.003160000,3.303242,0.000
0.003165000,3.301962,0.000
0.003170000,3.302599,0.000
0.003175000,3.305125,0.000
0.003180000,3.307911,0.000
0.003185000,3.308978,0.000
0.003190000,3.307515,0.000
0.003195000,3.304507,0.000
0.003200000,3.301979,0.000
0.003205000,3.301445,0.000
0.003210000,3.302748,0.000
0.003215000,3.304208,0.000
0.003220000,3.303942,0.000
0.003225000,3.301344,0.000
0.003230000,3.297584,0.000
0.003235000,3.294736,0.000
0.003240000,3.294201,0.000
0.003245000,3.295659,0.000
0.003250000,3.297337,0.000
0.003255000,3.297408,0.000
0.003260000,3.295416,0.000
0.003265000,3.292646,0.000
0.003270000,3.291139,0.000
0.003275000,3.292120,0.000
0.003280000,3.295048,0.000
0.003285000,3.298028,0.000
0.003290000,3.299259,0.000
0.003295000,3.298411,0.000
0.003300000,3.296853,0.000
0.003305000,3.296575,0.000
0.003310000,3.298617,0.000
0.003315000,3.302240,0.000
0.003320000,3.305466,0.000
0.003325000,3.306573,0.000
0.003330000,3.305403,0.000
0.003335000,3.303455,0.000
0.003340000,3.302706,0.000
0.003345000,3.304070,0.000
0.003350000,3.306674,0.000
0.003355000,3.308532,0.000
0.003360000,3.308075,0.000
0.003365000,3.305367,0.000
0.003370000,3.302070,0.000
0.003375000,3.300170,0.000
0.003380000,3.300469,0.000
0.003385000,3.301984,0.000
0.003390000,3.302737,0.000
0.003395000,3.301311,0.000
0.003400000,3.297974,0.000
0.003405000,3.294503,0.000
0.003410000,3.292839,0.000
0.003415000,3.293616,0.000
0.003420000,3.295693,0.000
0.003425000,3.297055,0.000
0.003430000,3.296385,0.000
0.003435000,3.294092,0.000
0.003440000,3.291996,0.000
0.003445000,3.291923,0.000
0.003450000,3.294285,0.000
0.003455000,3.297752,0.000
0.003460000,3.300256,0.000
0.003465000,3.300574,0.000
0.003470000,3.299240,0.000
0.003475000,3.298110,0.000
0.003480000,3.298895,0.000
0.003485000,3.301810,0.000
0.003490000,3.305380,0.000
0.003495000,3.307549,0.000
0.003500000,3.307244,0.000
0.003505000,3.305183,0.000
0.003510000,3.303302,0.000
0.003515000,3.303248,0.000
0.003520000,3.305097,0.000
0.003525000,3.307299,0.000
0.003530000,3.307875,0.000
0.003535000,3.305958,0.000
0.003540000,3.302478,0.000
0.003545000,3.299462,0.000
0.003550000,3.298495,0.000
0.003555000,3.299519,0.000
0.003560000,3.300907,0.000
0.003565000,3.300754,0.000
0.003570000,3.298373,0.000
0.003575000,3.294859,0.000
0.003580000,3.292267,0.000
0.003585000,3.292051,0.000
0.003590000,3.293957,0.000
0.003595000,3.296239,0.000
0.003600000,3.297012,0.000
0.003605000,3.295718,0.000
0.003610000,3.293552,0.000
0.003615000,3.292534,0.000
0.003620000,3.293934,0.000
0.003625000,3.297276,0.000
0.003630000,3.300681,0.000
0.003635000,3.302296,0.000
0.003640000,3.301696,0.000
0.003645000,3.300183,0.000
0.003650000,3.299749,0.000
0.003655000,3.301510,0.000
0.003660000,3.304814,0.000
0.003665000,3.307718,0.000
0.003670000,3.308471,0.000
0.003675000,3.306845,0.000
0.003680000,3.304300,0.000
0.003685000,3.302849,0.000
0.003690000,3.303501,0.000
0.003695000,3.305485,0.000
0.003700000,3.306856,0.000
0.003705000,3.306013,0.000
0.003710000,3.302952,0.000
0.003715000,3.299298,0.000
0.003720000,3.297071,0.000
0.003725000,3.297159,0.000
0.003730000,3.298657,0.000
0.003735000,3.299602,0.000
0.003740000,3.298513,0.000
0.003745000,3.295566,0.000
0.003750000,3.292480,0.000
0.003755000,3.291210,0.000
0.003760000,3.292451,0.000
0.003765000,3.295113,0.000
0.003770000,3.297168,0.000
0.003775000,3.297212,0.000
0.003780000,3.295548,0.000
0.003785000,3.293936,0.000
0.003790000,3.294219,0.000
0.003795000,3.296875,0.000
0.003800000,3.300626,0.000
0.003805000,3.303393,0.000
0.003810000,3.303878,0.000
0.003815000,3.302532,0.000
0.003820000,3.301179,0.000
0.003825000,3.301578,0.000
0.003830000,3.304039,0.000
0.003835000,3.307161,0.000
0.003840000,3.308896,0.000
0.003845000,3.308119,0.000
0.003850000,3.305487,0.000
0.003855000,3.302933,0.000
0.003860000,3.302173,0.000
0.003865000,3.303392,0.000
0.003870000,3.305113,0.000
0.003875000,3.305361,0.000
0.003880000,3.303208,0.000
0.003885000,3.299519,0.000
0.003890000,3.296311,0.000
0.003895000,3.295227,0.000
0.003900000,3.296293,0.000
0.003905000,3.297931,0.000
0.003910000,3.298204,0.000
0.003915000,3.296335,0.000
0.003920000,3.293328,0.000
0.003925000,3.291212,0.000
0.003930000,3.291478,0.000
0.003935000,3.293937,0.000
0.003940000,3.296864,0.000
0.003945000,3.298323,0.000
0.003950000,3.297654,0.000
0.003955000,3.295962,0.000
0.003960000,3.295246,0.000
0.003965000,3.296827,0.000
0.003970000,3.300302,0.000
0.003975000,3.303824,0.000
0.003980000,3.305501,0.000
0.003985000,3.304824,0.000
0.003990000,3.303037,0.000
0.003995000,3.302146,0.000
0.004000000,3.303347,0.000
0.004005000,3.306087,0.000
0.004010000,3.308475,0.000
0.004015000,3.308734,0.000
0.004020000,3.306575,0.000
0.004025000,3.303419,0.000
0.004030000,3.301311,0.000
0.004035000,3.301355,0.000
0.004040000,3.302876,0.000
0.004045000,3.303970,0.000
0.004050000,3.302995,0.000
0.004055000,3.299875,0.000
0.004060000,3.296183,0.000
0.004065000,3.293957,0.000
0.004070000,3.294158,0.000
0.004075000,3.295952,0.000
0.004080000,3.297378,0.000
0.004085000,3.296888,0.000
0.004090000,3.294553,0.000
0.004095000,3.292024,0.000
0.004100000,3.291260,0.000
0.004105000,3.293015,0.000
0.004110000,3.296248,0.000
0.004115000,3.298919,0.000
0.004120000,3.299546,0.000
0.004125000,3.298329,0.000
0.004130000,3.296973,0.000
0.004135000,3.297340,0.000
0.004140000,3.299984,0.000
0.004145000,3.303693,0.000
0.004150000,3.306392,0.000
0.004155000,3.306723,0.000
0.004160000,3.305062,0.000
0.004165000,3.303210,0.000
0.004170000,3.302981,0.000
0.004175000,3.304789,0.000
0.004180000,3.307316,0.000
0.004185000,3.308532,0.000
0.004190000,3.307261,0.000
0.004195000,3.304102,0.000
0.004200000,3.300979,0.000
0.004205000,3.299672,0.000
0.004210000,3.300465,0.000
0.004215000,3.301955,0.000
0.004220000,3.302161,0.000
0.004225000,3.300086,0.000
0.004230000,3.296518,0.000
0.004235000,3.293449,0.000
0.004240000,3.292564,0.000
0.004245000,3.293965,0.000
0.004250000,3.296113,0.000
0.004255000,3.297031,0.000
0.004260000,3.295847,0.000
0.004265000,3.293469,0.000
0.004270000,3.291887,0.000
0.004275000,3.292628,0.000
0.004280000,3.295568,0.000
0.004285000,3.299008,0.000
0.004290000,3.300970,0.000
0.004295000,3.300697,0.000
0.004300000,3.299213,0.000
0.004305000,3.298501,0.000
0.004310000,3.299943,0.000
0.004315000,3.303219,0.000
0.004320000,3.306530,0.000
0.004325000,3.307958,0.000
0.004330000,3.306926,0.000
0.004335000,3.304625,0.000
0.004340000,3.303079,0.000
0.004345000,3.303573,0.000
0.004350000,3.305658,0.000
0.004355000,3.307497,0.000
0.004360000,3.307298,0.000
0.004365000,3.304705,0.000
0.004370000,3.301097,0.000
0.004375000,3.298541,0.000
0.004380000,3.298225,0.000
0.004385000,3.299564,0.000
0.004390000,3.300687,0.000
0.004395000,3.299907,0.000
0.004400000,3.297059,0.000
0.004405000,3.293651,0.000
0.004410000,3.291726,0.000
0.004415000,3.292304,0.000
0.004420000,3.294613,0.000
0.004425000,3.296693,0.000
0.004430000,3.296921,0.000
0.004435000,3.295263,0.000
0.004440000,3.293293,0.000
0.004445000,3.292973,0.000
0.004450000,3.295115,0.000
0.004455000,3.298735,0.000
0.004460000,3.301793,0.000
0.004465000,3.302735,0.000
0.004470000,3.301671,0.000
0.004475000,3.300254,0.000
0.004480000,3.300378,0.000
0.004485000,3.302684,0.000
0.004490000,3.306036,0.000
0.004495000,3.308381,0.000
0.004500000,3.308310,0.000
0.004505000,3.306135,0.000
0.004510000,3.303638,0.000
0.004515000,3.302692,0.000
0.004520000,3.303812,0.000
0.004525000,3.305770,0.000
0.004530000,3.306555,0.000
0.004535000,3.304942,0.000
0.004540000,3.301463,0.000
0.004545000,3.298023,0.000
0.004550000,3.296453,0.000
0.004555000,3.297127,0.000
0.004560000,3.298705,0.000
0.004565000,3.299194,0.000
0.004570000,3.297519,0.000
0.004575000,3.294376,0.000
0.004580000,3.291717,0.000
0.004585000,3.291260,0.000
0.004590000,3.293172,0.000
0.004595000,3.295948,0.000
0.004600000,3.297574,0.000
0.004605000,3.297079,0.000
0.004610000,3.295274,0.000
0.004615000,3.294111,0.000
0.004620000,3.295152,0.000
0.004625000,3.298344,0.000
0.004630000,3.302028,0.000
0.004635000,3.304193,0.000
0.004640000,3.304000,0.000
0.004645000,3.302401,0.000
0.004650000,3.301372,0.000
0.004655000,3.302362,0.000
0.004660000,3.305149,0.000
0.004665000,3.307994,0.000
0.004670000,3.308966,0.000
0.004675000,3.307427,0.000
0.004680000,3.304520,0.000
0.004685000,3.302287,0.000
0.004690000,3.302100,0.000
0.004695000,3.303613,0.000
0.004700000,3.305047,0.000
0.004705000,3.304586,0.000
0.004710000,3.301808,0.000
0.004715000,3.298033,0.000
0.004720000,3.295340,0.000
0.004725000,3.294987,0.000
0.004730000,3.296468,0.000
0.004735000,3.297937,0.000
0.004740000,3.297652,0.000
0.004745000,3.295350,0.000
0.004750000,3.292461,0.000
0.004755000,3.291022,0.000
0.004760000,3.292104,0.000
0.004765000,3.294992,0.000
0.004770000,3.297729,0.000
0.004775000,3.298620,0.000
0.004780000,3.297525,0.000
0.004785000,3.295948,0.000
0.004790000,3.295853,0.000
0.004795000,3.298116,0.000
0.004800000,3.301824,3.300
0.004805000,3.304947,3.300
0.004810000,3.305878,3.300
0.004815000,3.304644,3.300
0.004820000,3.302859,3.300
0.004825000,3.302454,3.300
0.004830000,3.304165,3.300
0.004835000,3.306947,3.300
0.004840000,3.308775,3.300
0.004845000,3.308203,3.300
0.004850000,3.305479,3.300
0.004855000,3.302364,3.300
0.004860000,3.300784,3.300
0.004865000,3.301356,3.300
0.004870000,3.302937,3.300
0.004875000,3.303529,3.300
0.004880000,3.301854,3.300
0.004885000,3.298367,3.300
0.004890000,3.294937,3.300
0.004895000,3.293432,3.300
0.004900000,3.294306,3.300
0.004905000,3.296270,3.300
0.004910000,3.297313,3.300
0.004915000,3.296273,3.300
0.004920000,3.293746,3.300
0.004925000,3.291633,3.300
0.004930000,3.291677,3.300
0.004935000,3.294106,3.300
0.004940000,3.297455,3.300
0.004945000,3.299675,3.300
0.004950000,3.299704,3.300
0.004955000,3.298259,3.300
0.004960000,3.297257,3.300
0.004965000,3.298305,3.300
0.004970000,3.301429,3.300
0.004975000,3.305025,3.300
0.004980000,3.307065,3.300
0.004985000,3.306642,3.300
0.004990000,3.304642,3.300
0.004995000,3.303042,3.300
0.005000000,3.303367,3.300
0.005005000,3.290500,3.300
0.005010000,3.277770,3.300
0.005015000,3.263241,3.300
0.005020000,3.246216,3.300
0.005025000,3.227787,3.300
0.005030000,3.210008,3.300
0.005035000,3.194331,3.300
0.005040000,3.180506,3.300
0.005045000,3.166807,3.300
0.005050000,3.151390,3.300
0.005055000,3.133751,3.300
0.005060000,3.115143,3.300
0.005065000,3.097638,3.300
0.005070000,3.082551,3.300
0.005075000,3.069446,3.300
0.005080000,3.056492,3.300
0.005085000,3.041892,3.300
0.005090000,3.025274,3.300
0.005095000,3.007987,3.300
0.005100000,2.992051,3.300
0.005105000,2.978588,3.300
0.005110000,2.966943,3.300
0.005115000,2.955169,3.300
0.005120000,2.941508,3.300
0.005125000,2.925723,3.300
0.005130000,2.909252,3.300
0.005135000,2.894069,3.300
0.005140000,2.881125,3.300
0.005145000,2.869589,3.300
0.005150000,2.857459,3.300
0.005155000,2.843086,3.300
0.005160000,2.826427,3.300
0.005165000,2.809063,3.300
0.005170000,2.792965,3.300
0.005175000,2.778969,3.300
0.005180000,2.766128,3.300
0.005185000,2.752451,3.300
0.005190000,2.736453,3.300
0.005195000,2.718318,3.300
0.005200000,2.699778,3.300
0.005205000,2.682801,3.300
0.005210000,2.668097,3.300
0.005215000,2.654600,3.300
0.005220000,2.640319,3.300
0.005225000,2.643417,3.300
0.005230000,2.644722,3.300
0.005235000,2.646055,3.300
0.005240000,2.649309,3.300
0.005245000,2.655002,3.300
0.005250000,2.661894,3.300
0.005255000,2.667953,3.300
0.005260000,2.671924,3.300
0.005265000,2.674301,3.300
0.005270000,2.676932,3.300
0.005275000,2.681581,3.300
0.005280000,2.688543,3.300
0.005285000,2.696397,3.300
0.005290000,2.703076,3.300
0.005295000,2.707434,3.300
0.005300000,2.710104,3.300
0.005305000,2.712978,3.300
0.005310000,2.717716,3.300
0.005315000,2.724436,3.300
0.005320000,2.731600,3.300
0.005325000,2.737180,3.300
0.005330000,2.740210,3.300
0.005335000,2.741520,3.300
0.005340000,2.743089,3.300
0.005345000,2.746518,3.300
0.005350000,2.751799,3.300
0.005355000,2.757330,3.300
0.005360000,2.761173,3.300
0.005365000,2.762568,3.300
0.005370000,2.762549,3.300
0.005375000,2.763168,3.300
0.005380000,2.765945,3.300
0.005385000,2.770718,3.300
0.005390000,2.775804,3.300
0.005395000,2.779322,3.300
0.005400000,2.780678,3.300
0.005405000,2.781042,3.300
0.005410000,2.782466,3.300
0.005415000,2.786313,3.300
0.005420000,2.792210,3.300
0.005425000,2.798342,3.300
0.005430000,2.802851,3.300
0.005435000,2.805262,3.300
0.005440000,2.806837,3.300
0.005445000,2.809583,3.300
0.005450000,2.814676,3.300
0.005455000,2.821529,3.300
0.005460000,2.828218,3.300
0.005465000,2.832935,3.300
0.005470000,2.835357,3.300
0.005475000,2.836868,3.300
0.005480000,2.839459,3.300
0.005485000,2.844166,3.300
0.005490000,2.850251,3.300
0.005495000,2.855754,3.300
0.005500000,2.858995,3.300
0.005505000,2.859868,3.300
0.005510000,2.859920,3.300
0.005515000,2.861165,3.300
0.005520000,2.864535,3.300
0.005525000,2.869180,3.300
0.005530000,2.873142,3.300
0.005535000,2.874894,3.300
0.005540000,2.874548,3.300
0.005545000,2.873794,3.300
0.005550000,2.874629,3.300
0.005555000,2.877841,3.300
0.005560000,2.882431,3.300
0.005565000,2.886411,3.300
0.005570000,2.888362,3.300
0.005575000,2.888550,3.300
0.005580000,2.888735,3.300
0.005585000,2.890819,3.300
0.005590000,2.895384,3.300
0.005595000,2.901236,3.300
0.005600000,2.906320,3.300
0.005605000,2.909297,3.300
0.005610000,2.910559,3.300
0.005615000,2.911902,3.300
0.005620000,2.915115,3.300
0.005625000,2.920569,3.300
0.005630000,2.926902,3.300
0.005635000,2.932038,3.300
0.005640000,2.934764,3.300
0.005645000,2.935640,3.300
0.005650000,2.936538,3.300
0.005655000,2.939178,3.300
0.005660000,2.943782,3.300
0.005665000,2.948889,3.300
0.005670000,2.952479,3.300
0.005675000,2.953532,3.300
0.005680000,2.952822,3.300
0.005685000,2.952328,3.300
0.005690000,2.953722,3.300
0.005695000,2.957099,3.300
0.005700000,2.960924,3.300
0.005705000,2.963249,3.300
0.005710000,2.963246,3.300
0.005715000,2.961874,3.300
0.005720000,2.961173,3.300
0.005725000,2.962713,3.300
0.005730000,2.966410,3.300
0.005735000,2.970613,3.300
0.005740000,2.973400,3.300
0.005745000,2.974077,3.300
0.005750000,2.973722,3.300
0.005755000,2.974360,3.300
0.005760000,2.977392,3.300
0.005765000,2.982509,3.300
0.005770000,2.987916,3.300
0.005775000,2.991701,3.300
0.005780000,2.993290,3.300
0.005785000,2.993866,3.300
0.005790000,2.995426,3.300
0.005795000,2.999207,3.300
0.005800000,3.004704,0.000
0.005805000,3.010028,0.000
0.005810000,3.013339,0.000
0.005815000,3.014239,0.000
0.005820000,3.014064,0.000
0.005825000,3.014828,0.000
0.005830000,3.017661,0.000
0.005835000,3.021924,0.000
0.005840000,3.025706,0.000
0.005845000,3.027303,0.000
0.005850000,3.026543,0.000
0.005855000,3.024938,0.000
0.005860000,3.024533,0.000
0.005865000,3.026350,0.000
0.005870000,3.029629,0.000
0.005875000,3.032439,0.000
0.005880000,3.033205,0.000
0.005885000,3.031950,0.000
0.005890000,3.030311,0.000
0.005895000,3.030297,0.000
0.005900000,3.032763,0.000
0.005905000,3.036769,0.000
0.005910000,3.040321,0.000
0.005915000,3.041920,0.000
0.005920000,3.041727,0.000
0.005925000,3.041434,0.000
0.005930000,3.042952,0.000
0.005935000,3.046921,0.000
0.005940000,3.052199,0.000
0.005945000,3.056722,0.000
0.005950000,3.059072,0.000
0.005955000,3.059546,0.000
0.005960000,3.059898,0.000
0.005965000,3.061949,0.000
0.005970000,3.066157,0.000
0.005975000,3.071232,0.000
0.005980000,3.075105,0.000
0.005985000,3.076510,0.000
0.005990000,3.075940,0.000
0.005995000,3.075256,0.000
0.006000000,3.076240,0.000
0.006005000,3.079219,0.000
0.006010000,3.082817,0.000
0.006015000,3.085025,0.000
0.006020000,3.084771,0.000
0.006025000,3.082765,0.000
0.006030000,3.080978,0.000
0.006035000,3.081142,0.000
0.006040000,3.083444,0.000
0.006045000,3.086410,0.000
0.006050000,3.088075,0.000
0.006055000,3.087529,0.000
0.006060000,3.085647,0.000
0.006065000,3.084438,0.000
0.006070000,3.085512,0.000
0.006075000,3.088852,0.000
0.006080000,3.092836,0.000
0.006085000,3.095499,0.000
0.006090000,3.096043,0.000
0.006095000,3.095453,0.000
0.006100000,3.095720,0.000
0.006105000,3.098289,0.000
0.006110000,3.102916,0.000
0.006115000,3.107838,0.000
0.006120000,3.111102,0.000
0.006125000,3.112045,0.000
0.006130000,3.111780,0.000
0.006135000,3.112300,0.000
0.006140000,3.114917,0.000
0.006145000,3.119217,0.000
0.006150000,3.123362,0.000
0.006155000,3.125490,0.000
0.006160000,3.125141,0.000
0.006165000,3.123605,0.000
0.006170000,3.122923,0.000
0.006175000,3.124315,0.000
0.006180000,3.127246,0.000
0.006185000,3.129855,0.000
0.006190000,3.130412,0.000
0.006195000,3.128676,0.000
0.006200000,3.126110,0.000
0.006205000,3.124779,0.000
0.006210000,3.125784,0.000
0.006215000,3.128443,0.000
0.006220000,3.130845,0.000
0.006225000,3.131356,0.000
0.006230000,3.129903,0.000
0.006235000,3.128052,0.000
0.006240000,3.127814,0.000
0.006245000,3.130102,0.000
0.006250000,3.134029,0.000
0.006255000,3.137595,0.000
0.006260000,3.139225,0.000
0.006265000,3.138972,0.000
0.006270000,3.138461,0.000
0.006275000,3.139613,0.000
0.006280000,3.143134,0.000
0.006285000,3.147942,0.000
0.006290000,3.151977,0.000
0.006295000,3.153758,0.000
0.006300000,3.153499,0.000
0.006305000,3.152915,0.000
0.006310000,3.153874,0.000
0.006315000,3.156926,0.000
0.006320000,3.160866,0.000
0.006325000,3.163648,0.000
0.006330000,3.163958,0.000
0.006335000,3.162228,0.000
0.006340000,3.160305,0.000
0.006345000,3.160033,0.000
0.006350000,3.161844,0.000
0.006355000,3.164441,0.000
0.006360000,3.165826,0.000
0.006365000,3.164868,0.000
0.006370000,3.162205,0.000
0.006375000,3.159783,0.000
0.006380000,3.159382,0.000
0.006385000,3.161268,0.000
0.006390000,3.164020,0.000
0.006395000,3.165645,0.000
0.006400000,3.165146,0.000
0.006405000,3.163302,0.000
0.006410000,3.162080,0.000
0.006415000,3.163120,0.000
0.006420000,3.166469,0.000
0.006425000,3.170536,0.000
0.006430000,3.173313,0.000
0.006435000,3.173907,0.000
0.006440000,3.173210,0.000
0.006445000,3.173185,0.000
0.006450000,3.175322,0.000
0.006455000,3.179458,0.000
0.006460000,3.183872,0.000
0.006465000,3.186586,0.000
0.006470000,3.186862,0.000
0.006475000,3.185750,0.000
0.006480000,3.185251,0.000
0.006485000,3.186753,0.000
0.006490000,3.189948,0.000
0.006495000,3.193058,0.000
0.006500000,3.194208,0.000
0.006505000,3.192877,0.000
0.006510000,3.190308,0.000
0.006515000,3.188565,0.000
0.006520000,3.188953,0.000
0.006525000,3.191035,0.000
0.006530000,3.192997,0.000
0.006535000,3.193075,0.000
0.006540000,3.190951,0.000
0.006545000,3.188024,0.000
0.006550000,3.186365,0.000
0.006555000,3.187139,0.000
0.006560000,3.189732,0.000
0.006565000,3.192247,0.000
0.006570000,3.192984,0.000
0.006575000,3.191765,0.000
0.006580000,3.190078,0.000
0.006585000,3.189928,0.000
0.006590000,3.192280,0.000
0.006595000,3.196305,0.000
0.006600000,3.200003,0.000
0.006605000,3.201728,0.000
0.006610000,3.201434,0.000
0.006615000,3.200683,0.000
0.006620000,3.201412,0.000
0.006625000,3.204403,0.000
0.006630000,3.208650,0.000
0.006635000,3.212109,0.000
0.006640000,3.213249,0.000
0.006645000,3.212214,0.000
0.006650000,3.210690,0.000
0.006655000,3.210590,0.000
0.006660000,3.212570,0.000
0.006665000,3.215514,0.000
0.006670000,3.217403,0.000
0.006675000,3.216881,0.000
0.006680000,3.214318,0.000
0.006685000,3.211539,0.000
0.006690000,3.210440,0.000
0.006695000,3.211550,0.000
0.006700000,3.213646,0.000
0.006705000,3.214734,0.000
0.006710000,3.213613,0.000
0.006715000,3.210839,0.000
0.006720000,3.208317,0.000
0.006725000,3.207858,0.000
0.006730000,3.209799,0.000
0.006735000,3.212762,0.000
0.006740000,3.214727,0.000
0.006745000,3.214600,0.000
0.006750000,3.213060,0.000
0.006755000,3.212026,0.000
0.006760000,3.213167,0.000
0.006765000,3.216596,0.000
0.006770000,3.220760,0.000
0.006775000,3.223618,0.000
0.006780000,3.224190,0.000
0.006785000,3.223284,0.000
0.006790000,3.222843,0.000
0.006795000,3.224412,0.000
0.006800000,3.227919,0.000
0.006805000,3.231700,0.000
0.006810000,3.233767,0.000
0.006815000,3.233318,0.000
0.006820000,3.231347,0.000
0.006825000,3.229866,0.000
0.006830000,3.230346,0.000
0.006835000,3.232584,0.000
0.006840000,3.234867,0.000
0.006845000,3.235309,0.000
0.006850000,3.233327,0.000
0.006855000,3.230111,0.000
0.006860000,3.227734,0.000
0.006865000,3.227575,0.000
0.006870000,3.229288,0.000
0.006875000,3.231095,0.000
0.006880000,3.231193,0.000
0.006885000,3.229170,0.000
0.006890000,3.226354,0.000
0.006895000,3.224804,0.000
0.006900000,3.225737,0.000
0.006905000,3.228603,0.000
0.006910000,3.231512,0.000
0.006915000,3.232699,0.000
0.006920000,3.231879,0.000
0.006925000,3.230460,0.000
0.006930000,3.230437,0.000
0.006935000,3.232833,0.000
0.006940000,3.236883,0.000
0.006945000,3.240599,0.000
0.006950000,3.242275,0.000
0.006955000,3.241779,0.000
0.006960000,3.240618,0.000
0.006965000,3.240753,0.000
0.006970000,3.243051,0.000
0.006975000,3.246596,0.000
0.006980000,3.249374,0.000
0.006985000,3.249818,0.000
0.006990000,3.248005,0.000
0.006995000,3.245595,0.000
0.007000000,3.244550,0.000
0.007005000,3.245626,0.000
0.007010000,3.247802,0.000
0.007015000,3.249084,0.000
0.007020000,3.248073,0.000
0.007025000,3.245065,0.000
0.007030000,3.241855,0.000
0.007035000,3.240378,0.000
0.007040000,3.241245,0.000
0.007045000,3.243300,0.000
0.007050000,3.244542,0.000
0.007055000,3.243695,0.000
0.007060000,3.241216,0.000
0.007065000,3.238959,0.000
0.007070000,3.238756,0.000
0.007075000,3.241006,0.000
0.007080000,3.244373,0.000
0.007085000,3.246807,0.000
0.007090000,3.247125,0.000
0.007095000,3.245902,0.000
0.007100000,3.245014,0.000
0.007105000,3.246160,0.000
0.007110000,3.249525,0.000
0.007115000,3.253607,0.000
0.007120000,3.256349,0.000
0.007125000,3.256696,0.000
0.007130000,3.255382,0.000
0.007135000,3.254336,0.000
0.007140000,3.255169,0.000
0.007145000,3.257909,0.000
0.007150000,3.307881,0.000
0.007155000,3.308939,0.000
0.007160000,3.307466,0.000
0.007165000,3.304403,0.000
0.007170000,3.301769,0.000
0.007175000,3.301113,0.000
0.007180000,3.302337,0.000
0.007185000,3.303790,0.000
0.007190000,3.303573,0.000
0.007195000,3.301031,0.000
0.007200000,3.297288,0.000
0.007205000,3.294413,0.000
0.007210000,3.293847,0.000
0.007215000,3.295320,0.000
0.007220000,3.297083,0.000
0.007225000,3.297286,0.000
0.007230000,3.295418,0.000
0.007235000,3.292720,0.000
0.007240000,3.291230,0.000
0.007245000,3.292213,0.000
0.007250000,3.295178,0.000
0.007255000,3.298247,0.000
0.007260000,3.299594,0.000
0.007265000,3.298832,0.000
0.007270000,3.297292,0.000
0.007275000,3.296965,0.000
0.007280000,3.298938,0.000
0.007285000,3.302522,0.000
0.007290000,3.305755,0.000
0.007295000,3.306889,0.000
0.007300000,3.305713,0.000
0.007305000,3.303692,0.000
0.007310000,3.302815,0.000
0.007315000,3.304044,0.000
0.007320000,3.306560,0.000
0.007325000,3.308391,0.000
0.007330000,3.307935,0.000
0.007335000,3.305209,0.000
0.007340000,3.301841,0.000
0.007345000,3.299836,0.000
0.007350000,3.300044,0.000
0.007355000,3.301531,0.000
0.007360000,3.302329,0.000
0.007365000,3.300982,0.000
0.007370000,3.297705,0.000
0.007375000,3.294246,0.000
0.007380000,3.292564,0.000
0.007385000,3.293341,0.000
0.007390000,3.295477,0.000
0.007395000,3.296960,0.000
0.007400000,3.296431,0.000
0.007405000,3.294241,0.000
0.007410000,3.292185,0.000
0.007415000,3.292109,0.000
0.007420000,3.294475,0.000
0.007425000,3.297991,0.000
0.007430000,3.300588,0.000
0.007435000,3.300996,0.000
0.007440000,3.299699,0.000
0.007445000,3.298532,0.000
0.007450000,3.299231,0.000
0.007455000,3.302068,0.000
0.007460000,3.305604,0.000
0.007465000,3.307780,0.000
0.007470000,3.307479,0.000
0.007475000,3.305372,0.000
0.007480000,3.303381,0.000
0.007485000,3.303185,0.000
0.007490000,3.304918,0.000
0.007495000,3.307066,0.000
0.007500000,3.307643,0.000
0.007505000,3.305735,0.000
0.007510000,3.302227,0.000
0.007515000,3.299136,0.000
0.007520000,3.298082,0.000
0.007525000,3.299060,0.000
0.007530000,3.300477,0.000
0.007535000,3.300411,0.000
0.007540000,3.298125,0.000
0.007545000,3.294666,0.000
0.007550000,3.292081,0.000
0.007555000,3.291860,0.000
0.007560000,3.293800,0.000
0.007565000,3.296178,0.000
0.007570000,3.297090,0.000
0.007575000,3.295923,0.000
0.007580000,3.293825,0.000
0.007585000,3.292811,0.000
0.007590000,3.294192,0.000
0.007595000,3.297540,0.000
0.007600000,3.301001,0.000
0.007605000,3.302696,0.000
0.007610000,3.302147,0.000
0.007615000,3.300615,0.000
0.007620000,3.300096,0.000
0.007625000,3.301750,0.000
0.007630000,3.304978,0.000
0.007635000,3.307858,0.000
0.007640000,3.308613,0.000
0.007645000,3.306965,0.000
0.007650000,3.304338,0.000
0.007655000,3.302756,0.000
0.007660000,3.303276,0.000
0.007665000,3.305179,0.000
0.007670000,3.306538,0.000
0.007675000,3.305720,0.000
0.007680000,3.302672,0.000
0.007685000,3.298984,0.000
0.007690000,3.296689,0.000
0.007695000,3.296723,0.000
0.007700000,3.298230,0.000
0.007705000,3.299255,0.000
0.007710000,3.298281,0.000
0.007715000,3.295429,0.000
0.007720000,3.292385,0.000
0.007725000,3.291118,0.000
0.007730000,3.292372,0.000
0.007735000,3.295100,0.000
0.007740000,3.297274,0.000
0.007745000,3.297452,0.000
0.007750000,3.295881,0.000
0.007755000,3.294292,0.000
0.007760000,3.294546,0.000
0.007765000,3.297172,0.000
0.007770000,3.300934,0.000
0.007775000,3.303755,0.000
0.007780000,3.304293,0.000
0.007785000,3.302948,0.000
0.007790000,3.301522,0.000
0.007795000,3.301803,0.000
0.007800000,3.304153,0.000
0.007805000,3.307213,0.000
0.007810000,3.308936,0.000
0.007815000,3.308152,0.000
0.007820000,3.305472,0.000
0.007825000,3.302813,0.000
0.007830000,3.301921,0.000
0.007835000,3.303038,0.000
0.007840000,3.304726,0.000
0.007845000,3.305002,0.000
0.007850000,3.302893,0.000
0.007855000,3.299215,0.000
0.007860000,3.295972,0.000
0.007865000,3.294839,0.000
0.007870000,3.295896,0.000
0.007875000,3.297596,0.000
0.007880000,3.297987,0.000
0.007885000,3.296242,0.000
0.007890000,3.293316,0.000
0.007895000,3.291224,0.000
0.007900000,3.291493,0.000
0.007905000,3.293985,0.000
0.007910000,3.296999,0.000
0.007915000,3.298583,0.000
0.007920000,3.298022,0.000
0.007925000,3.296375,0.000
0.007930000,3.295634,0.000
0.007935000,3.297161,0.000
0.007940000,3.300603,0.000
0.007945000,3.304139,0.000
0.007950000,3.305856,0.000
0.007955000,3.305195,0.000
0.007960000,3.303358,0.000
0.007965000,3.302353,0.000
0.007970000,3.303421,0.000
0.007975000,3.306064,0.000
0.007980000,3.308413,0.000
0.007985000,3.308669,0.000
0.007990000,3.306492,0.000
0.007995000,3.303267,0.000
0.008000000,3.301046,0.000
0.008005000,3.300979,0.000
0.008010000,3.302445,0.000
0.008015000,3.303556,0.000
0.008020000,3.302644,0.000
0.008025000,3.299576,0.000
0.008030000,3.295891,0.000
0.008035000,3.293637,0.000
0.008040000,3.293819,0.000
0.008045000,3.295651,0.000
0.008050000,3.297184,0.000
0.008055000,3.296831,0.000
0.008060000,3.294609,0.000
0.008065000,3.292134,0.000
0.008070000,3.291377,0.000
0.008075000,3.293137,0.000
0.008080000,3.296419,0.000
0.008085000,3.299189,0.000
0.008090000,3.299925,0.000
0.008095000,3.298772,0.000
0.008100000,3.297406,0.000
0.008105000,3.297708,0.000
0.008110000,3.300283,0.000
0.008115000,3.303961,0.000
0.008120000,3.306675,0.000
0.008125000,3.307024,0.000
0.008130000,3.305336,0.000
0.008135000,3.303389,0.000
0.008140000,3.303023,0.000
0.008145000,3.304706,0.000
0.008150000,3.307163,0.000
0.008155000,3.308365,0.000
0.008160000,3.307098,0.000
0.008165000,3.303910,0.000
0.008170000,3.300706,0.000
0.008175000,3.299296,0.000
0.008180000,3.300018,0.000
0.008185000,3.301507,0.000
0.008190000,3.301778,0.000
0.008195000,3.299787,0.000
0.008200000,3.296271,0.000
0.008205000,3.293206,0.000
0.008210000,3.292305,0.000
0.008215000,3.293723,0.000
0.008220000,3.295952,0.000
0.008225000,3.297004,0.000
0.008230000,3.295954,0.000
0.008235000,3.293662,0.000
0.008240000,3.292102,0.000
0.008245000,3.292834,0.000
0.008250000,3.295784,0.000
0.008255000,3.299284,0.000
0.008260000,3.301339,0.000
0.008265000,3.301141,0.000
0.008270000,3.299668,0.000
0.008275000,3.298895,0.000
0.008280000,3.300243,0.000
0.008285000,3.303446,0.000
0.008290000,3.306734,0.000
0.008295000,3.308171,0.000
0.008300000,3.307130,0.000
0.008305000,3.304762,0.000
0.008310000,3.303091,0.000
0.008315000,3.303446,0.000
0.008320000,3.305431,0.000
0.008325000,3.307238,0.000
0.008330000,3.307050,0.000
0.008335000,3.304463,0.000
0.008340000,3.300816,0.000
0.008345000,3.298181,0.000
0.008350000,3.297790,0.000
0.008355000,3.299109,0.000
0.008360000,3.300286,0.000
0.008365000,3.299606,0.000
0.008370000,3.296849,0.000
0.008375000,3.293485,0.000
0.008380000,3.291561,0.000
0.008385000,3.292143,0.000
0.008390000,3.294504,0.000
0.008395000,3.296697,0.000
0.008400000,3.297066,0.000
0.008405000,3.295518,0.000
0.008410000,3.293594,0.000
0.008415000,3.293263,0.000
0.008420000,3.295384,0.000
0.008425000,3.299021,0.000
0.008430000,3.302140,0.000
0.008435000,3.303155,0.000
0.008440000,3.302118,0.000
0.008445000,3.300657,0.000
0.008450000,3.300679,0.000
0.008455000,3.302878,0.000
0.008460000,3.306166,0.000
0.008465000,3.308497,0.000
0.008470000,3.308425,0.000
0.008475000,3.306212,0.000
0.008480000,3.303616,0.000
0.008485000,3.302533,0.000
0.008490000,3.303534,0.000
0.008495000,3.305435,0.000
0.008500000,3.306226,0.000
0.008505000,3.304645,0.000
0.008510000,3.301171,0.000
0.008515000,3.297689,0.000
0.008520000,3.296054,0.000
0.008525000,3.296694,0.000
0.008530000,3.298306,0.000
0.008535000,3.298895,0.000
0.008540000,3.297338,0.000
0.008545000,3.294280,0.000
0.008550000,3.291651,0.000
0.008555000,3.291195,0.000
0.008560000,3.293132,0.000
0.008565000,3.295990,0.000
0.008570000,3.297744,0.000
0.008575000,3.297374,0.000
0.008580000,3.295639,0.000
0.008585000,3.294475,0.000
0.008590000,3.295477,0.000
0.008595000,3.298644,0.000
0.008600000,3.302348,0.000
0.008605000,3.304567,0.000
0.008610000,3.304412,0.000
0.008615000,3.302789,0.000
0.008620000,3.301665,0.000
0.008625000,3.302530,0.000
0.008630000,3.305215,0.000
0.008635000,3.308013,0.000
0.008640000,3.308979,0.000
0.008645000,3.307426,0.000
0.008650000,3.304455,0.000
0.008655000,3.302107,0.000
0.008660000,3.301794,0.000
0.008665000,3.303226,0.000
0.008670000,3.304651,0.000
0.008675000,3.304234,0.000
0.008680000,3.301498,0.000
0.008685000,3.297726,0.000
0.008690000,3.294994,0.000
0.008695000,3.294603,0.000
0.008700000,3.296098,0.000
0.008705000,3.297652,0.000
0.008710000,3.297496,0.000
0.008715000,3.295311,0.000
0.008720000,3.292487,0.000
0.008725000,3.291061,0.000
0.008730000,3.292149,0.000
0.008735000,3.295083,0.000
0.008740000,3.297920,0.000
0.008745000,3.298933,0.000
0.008750000,3.297928,0.000
0.008755000,3.296370,0.000
0.008760000,3.296231,0.000
0.008765000,3.298436,0.000
0.008770000,3.302119,0.000
0.008775000,3.305264,0.000
0.008780000,3.306229,0.000
0.008785000,3.304990,0.000
0.008790000,3.303131,0.000
0.008795000,3.302598,0.000
0.008800000,3.304179,0.000
0.008805000,3.306880,0.000
0.008810000,3.308684,0.000
0.008815000,3.308111,0.000
0.008820000,3.305358,0.000
0.008825000,3.302162,0.000
0.008830000,3.300467,0.000
0.008835000,3.300944,0.000
0.008840000,3.302496,0.000
0.008845000,3.303129,0.000
0.008850000,3.301523,0.000
0.008855000,3.298083,0.000
0.008860000,3.294651,0.000
0.008865000,3.293119,0.000
0.008870000,3.293990,0.000
0.008875000,3.296016,0.000
0.008880000,3.297182,0.000
0.008885000,3.296279,0.000
0.008890000,3.293850,0.000
0.008895000,3.291774,0.000
0.008900000,3.291817,0.000
0.008905000,3.294259,0.000
0.008910000,3.297669,0.000
0.008915000,3.299992,0.000
0.008920000,3.300119,0.000
0.008925000,3.298713,0.000
0.008930000,3.297676,0.000
0.008935000,3.298646,0.000
0.008940000,3.301705,0.000
0.008945000,3.305280,0.000
0.008950000,3.307337,0.000
0.008955000,3.306921,0.000
0.008960000,3.304872,0.000
0.008965000,3.303159,0.000
0.008970000,3.303343,0.000
0.008975000,3.305363,0.000
0.008980000,3.307583,0.000
0.008985000,3.308053,0.000
0.008990000,3.306029,0.000
0.008995000,3.302559,0.000
0.009000000,3.299693,0.000
0.009005000,3.298921,0.000
0.009010000,3.300048,0.000
0.009015000,3.301375,0.000
0.009020000,3.301039,0.000
0.009025000,3.298484,0.000
0.009030000,3.294918,0.000
0.009035000,3.292410,0.000
0.009040000,3.292313,0.000
0.009045000,3.294244,0.000
0.009050000,3.296393,0.000
0.009055000,3.296933,0.000
0.009060000,3.295439,0.000
0.009065000,3.293217,0.000
0.009070000,3.292286,0.000
0.009075000,3.293811,0.000
0.009080000,3.297186,0.000
0.009085000,3.300482,0.000
0.009090000,3.301909,0.000
0.009095000,3.301179,0.000
0.009100000,3.299692,0.000
0.009105000,3.299428,0.000
0.009110000,3.301387,0.000
0.009115000,3.304787,0.000
0.009120000,3.307644,0.000
0.009125000,3.308277,0.000
0.009130000,3.306594,0.000
0.009135000,3.304142,0.000
0.009140000,3.302909,0.000
0.009145000,3.303782,0.000
0.009150000,3.305862,0.000
0.009155000,3.307172,0.000
0.009160000,3.306193,0.000
0.009165000,3.303058,0.000
0.009170000,3.299469,0.000
0.009175000,3.297414,0.000
0.009180000,3.297651,0.000
0.009185000,3.299159,0.000
0.009190000,3.299956,0.000
0.009195000,3.298656,0.000
0.009200000,3.295570,0.000
0.009205000,3.292491,0.000
0.009210000,3.291330,0.000
0.009215000,3.292655,0.000
0.009220000,3.295265,0.000
0.009225000,3.297126,0.000
0.009230000,3.296939,0.000
0.009235000,3.295142,0.000
0.009240000,3.293560,0.000
0.009245000,3.293979,0.000
0.009250000,3.296745,0.000
0.009255000,3.300476,0.000
0.009260000,3.303098,0.000
0.009265000,3.303423,0.000
0.009270000,3.302032,0.000
0.009275000,3.300798,0.000
0.009280000,3.301413,0.000
0.009285000,3.304049,0.000
0.009290000,3.307206,0.000
0.009295000,3.308851,0.000
0.009300000,3.307972,0.000
0.009305000,3.305351,0.000
0.009310000,3.302959,0.000
0.009315000,3.302430,0.000
0.009320000,3.303813,0.000
0.009325000,3.305541,0.000
0.009330000,3.305662,0.000
0.009335000,3.303372,0.000
0.009340000,3.299655,0.000
0.009345000,3.296558,0.000
0.009350000,3.295635,0.000
0.009355000,3.296778,0.000
0.009360000,3.298330,0.000
0.009365000,3.298394,0.000
0.009370000,3.296321,0.000
0.009375000,3.293235,0.000
0.009380000,3.291181,0.000
0.009385000,3.291559,0.000
0.009390000,3.294046,0.000
0.009395000,3.296850,0.000
0.009400000,3.298088,0.000
0.009405000,3.297230,0.000
0.009410000,3.295495,0.000
0.009415000,3.294887,0.000
0.009420000,3.296624,0.000
0.009425000,3.300172,0.000
0.009430000,3.303624,0.000
0.009435000,3.305148,0.000
0.009440000,3.304368,0.000
0.009445000,3.302631,0.000
0.009450000,3.301932,0.000
0.009455000,3.303357,0.000
0.009460000,3.306219,0.000
0.009465000,3.308578,0.000
0.009470000,3.308725,0.000
0.009475000,3.306503,0.000
0.009480000,3.303427,0.000
0.009485000,3.301522,0.000
0.009490000,3.301770,0.000
0.009495000,3.303371,0.000
0.009500000,3.304382,0.000
0.009505000,3.303242,0.000
0.009510000,3.300009,0.000
0.009515000,3.296341,0.000
0.009520000,3.294250,0.000
0.009525000,3.294572,0.000
0.009530000,3.296354,0.000
0.009535000,3.297613,0.000
0.009540000,3.296889,0.000
0.009545000,3.294394,0.000
0.009550000,3.291856,0.000
0.009555000,3.291195,0.000
0.009560000,3.293040,0.000
0.009565000,3.296237,0.000
0.009570000,3.298735,0.000
0.009575000,3.299150,0.000
0.009580000,3.297820,0.000
0.009585000,3.296515,0.000
0.009590000,3.297047,0.000
0.009595000,3.299840,0.000
0.009600000,3.303570,0.000
0.009605000,3.306162,0.000
0.009610000,3.306361,0.000
0.009615000,3.304675,0.000
0.009620000,3.302960,0.000
0.009625000,3.302965,0.000
0.009630000,3.304966,0.000
0.009635000,3.307543,0.000
0.009640000,3.308672,0.000
0.009645000,3.307291,0.000
0.009650000,3.304124,0.000
0.009655000,3.301139,0.000
0.009660000,3.300040,0.000
0.009665000,3.300975,0.000
0.009670000,3.302448,0.000
0.009675000,3.302498,0.000
0.009680000,3.300250,0.000
0.009685000,3.296614,0.000
0.009690000,3.293617,0.000
0.009695000,3.292865,0.000
0.009700000,3.294322,0.000
0.009705000,3.296369,0.000
0.009710000,3.297066,0.000
0.009715000,3.295664,0.000
0.009720000,3.293195,0.000
0.009725000,3.291673,0.000
0.009730000,3.292536,0.000
0.009735000,3.295525,0.000
0.009740000,3.298869,0.000
0.009745000,3.300636,0.000
0.009750000,3.300199,0.000
0.009755000,3.298696,0.000
0.009760000,3.298121,0.000
0.009765000,3.299754,0.000
0.009770000,3.303142,0.000
0.009775000,3.306421,0.000
0.009780000,3.307726,0.000
0.009785000,3.306610,0.000
0.009790000,3.304370,0.000
0.009795000,3.303026,0.000
0.009800000,3.303753,0.000
0.009805000,3.305967,0.000
0.009810000,3.307779,0.000
0.009815000,3.307456,0.000
0.009820000,3.304778,0.000
0.009825000,3.301221,0.000
0.009830000,3.298837,0.000
0.009835000,3.298697,0.000
0.009840000,3.300092,0.000
0.009845000,3.301104,0.000
0.009850000,3.300125,0.000
0.009855000,3.297126,0.000
0.009860000,3.293706,0.000
0.009865000,3.291886,0.000
0.009870000,3.292567,0.000
0.009875000,3.294855,0.000
0.009880000,3.296762,0.000
0.009885000,3.296752,0.000
0.009890000,3.294929,0.000
0.009895000,3.292952,0.000
0.009900000,3.292747,0.000
0.009905000,3.295002,0.000
0.009910000,3.298619,0.000
0.009915000,3.301536,0.000
0.009920000,3.302298,0.000
0.009925000,3.301146,0.000
0.009930000,3.299809,0.000
0.009935000,3.300129,0.000
0.009940000,3.302618,0.000
0.009945000,3.306027,0.000
0.009950000,3.308293,0.000
0.009955000,3.308109,0.000
0.009960000,3.305917,0.000
0.009965000,3.303558,0.000
0.009970000,3.302844,0.000
0.009975000,3.304157,0.000
0.009980000,3.306162,0.000
0.009985000,3.306848,0.000
0.009990000,3.305100,0.000
0.009995000,3.301580,0.000
0.010000000,3.298241,0.000
0.010005000,3.296846,0.000
0.010010000,3.297634,0.000
0.010015000,3.299168,0.000
0.010020000,3.299474,0.000
0.010025000,3.297592,0.000
0.010030000,3.294347,0.000
0.010035000,3.291734,0.000
0.010040000,3.291391,0.000
0.010045000,3.293354,0.000
0.010050000,3.296032,0.000
0.010055000,3.297441,0.000
0.010060000,3.296734,0.000
0.010065000,3.294845,0.000
0.010070000,3.293755,0.000
0.010075000,3.294943,0.000
0.010080000,3.298218,0.000
0.010085000,3.301844,0.000
0.010090000,3.303850,0.000
0.010095000,3.303523,0.000
0.010100000,3.301931,0.000
0.010105000,3.301064,0.000
0.010110000,3.302275,0.000
0.010115000,3.305206,0.000
0.010120000,3.308044,0.000
0.010125000,3.308910,0.000
0.010130000,3.307291,0.000
0.010135000,3.304439,0.000
0.010140000,3.302399,0.000
0.010145000,3.302436,0.000
0.010150000,3.304068,0.000
0.010155000,3.305458,0.000
0.010160000,3.304850,0.000
0.010165000,3.301952,0.000
0.010170000,3.298188,0.000
0.010175000,3.295629,0.000
0.010180000,3.295422,0.000
0.010185000,3.296933,0.000
0.010190000,3.298266,0.000
0.010195000,3.297757,0.000
0.010200000,3.295276,0.000
0.010205000,3.292351,0.000
0.010210000,3.291002,0.000
0.010215000,3.292184,0.000
0.010220000,3.295060,0.000
0.010225000,3.297637,0.000
0.010230000,3.298303,0.000
0.010235000,3.297057,0.000
0.010240000,3.295490,0.000
0.010245000,3.295535,0.000
0.010250000,3.297946,0.000
0.010255000,3.301691,0.000
0.010260000,3.304713,0.000
0.010265000,3.305495,0.000
0.010270000,3.304199,0.000
0.010275000,3.302515,0.000
0.010280000,3.302329,0.000
0.010285000,3.304246,0.000
0.010290000,3.307108,0.000
0.010295000,3.308871,0.000
0.010300000,3.308186,0.000
0.010305000,3.305434,0.000
0.010310000,3.302441,0.000
0.010315000,3.301075,0.000
0.010320000,3.301823,0.000
0.010325000,3.303431,0.000
0.010330000,3.303900,0.000
0.010335000,3.302056,0.000
0.010340000,3.298487,0.000
0.010345000,3.295119,0.000
0.010350000,3.293755,0.000
0.010355000,3.294718,0.000
0.010360000,3.296619,0.000
0.010365000,3.297459,0.000
0.010370000,3.296192,0.000
0.010375000,3.293545,0.000
0.010380000,3.291465,0.000
0.010385000,3.291624,0.000
0.010390000,3.294118,0.000
0.010395000,3.297388,0.000
0.010400000,3.299413,0.000
0.010405000,3.299250,0.000
0.010410000,3.297742,0.000
0.010415000,3.296838,0.000
0.010420000,3.298066,0.000
0.010425000,3.301313,0.000
0.010430000,3.304892,0.000
0.010435000,3.306807,0.000
0.010440000,3.306275,0.000
0.010445000,3.304299,0.000
0.010450000,3.302877,0.000
0.010455000,3.303439,0.000
0.010460000,3.305731,0.000
0.010465000,3.308004,0.000
0.010470000,3.308366,0.000
0.010475000,3.306248,0.000
0.010480000,3.302851,0.000
0.010485000,3.300239,0.000
0.010490000,3.299761,0.000
0.010495000,3.301033,0.000
0.010500000,3.302265,0.000
0.010505000,3.301669,0.000
0.010510000,3.298872,0.000
0.010515000,3.295235,0.000
0.010520000,3.292829,0.000
0.010525000,3.292862,0.000
0.010530000,3.294770,0.000
0.010535000,3.296671,0.000
0.010540000,3.296834,0.000
0.010545000,3.295026,0.000
0.010550000,3.292696,0.000
0.010555000,3.291853,0.000
0.010560000,3.293506,0.000
0.010565000,3.296874,0.000
0.010570000,3.299969,0.000
0.010575000,3.301111,0.000
0.010580000,3.300200,0.000
0.010585000,3.298764,0.000
0.010590000,3.298751,0.000
0.010595000,3.300993,0.000
0.010600000,3.304532,0.000
0.010605000,3.307336,0.000
0.010610000,3.307839,0.000
0.010615000,3.306133,0.000
0.010620000,3.303878,0.000
0.010625000,3.303006,0.000
0.010630000,3.304224,0.000
0.010635000,3.306466,0.000
0.010640000,3.307720,0.000
0.010645000,3.306593,0.000
0.010650000,3.303403,0.000
0.010655000,3.299952,0.000
0.010660000,3.298158,0.000
0.010665000,3.298603,0.000
0.010670000,3.300106,0.000
0.010675000,3.300674,0.000
0.010680000,3.299063,0.000
0.010685000,3.295774,0.000
0.010690000,3.292691,0.000
0.010695000,3.291648,0.000
0.010700000,3.293033,0.000
0.010705000,3.295504,0.000
0.010710000,3.297033,0.000
0.010715000,3.296481,0.000
0.010720000,3.294472,0.000
0.010725000,3.292907,0.000
0.010730000,3.293480,0.000
0.010735000,3.296357,0.000
0.010740000,3.300018,0.000
0.010745000,3.302415,0.000
0.010750000,3.302517,0.000
0.010755000,3.301086,0.000
0.010760000,3.300049,0.000
0.010765000,3.300987,0.000
0.010770000,3.303883,0.000
0.010775000,3.307107,0.000
0.010780000,3.308659,0.000
0.010785000,3.307691,0.000
0.010790000,3.305152,0.000
0.010795000,3.303049,0.000
0.010800000,3.302891,0.000
0.010805000,3.304530,0.000
0.010810000,3.306287,0.000
0.010815000,3.306259,0.000
0.010820000,3.303812,0.000
0.010825000,3.300095,0.000
0.010830000,3.297177,0.000
0.010835000,3.296477,0.000
0.010840000,3.297702,0.000
0.010845000,3.299099,0.000
0.010850000,3.298839,0.000
0.010855000,3.296460,0.000
0.010860000,3.293243,0.000
0.010865000,3.291247,0.000
0.010870000,3.291730,0.000
0.010875000,3.294191,0.000
0.010880000,3.296757,0.000
0.010885000,3.297635,0.000
0.010890000,3.296484,0.000
0.010895000,3.294671,0.000
0.010900000,3.294195,0.000
0.010905000,3.296123,0.000
0.010910000,3.299739,0.000
0.010915000,3.303071,0.000
0.010920000,3.304382,0.000
0.010925000,3.303486,0.000
0.010930000,3.301858,0.000
0.010935000,3.301468,0.000
0.010940000,3.303234,0.000
0.010945000,3.306290,0.000
0.010950000,3.308636,0.000
0.010955000,3.308673,0.000
0.010960000,3.306427,0.000
0.010965000,3.303530,0.000
0.010970000,3.301961,0.000
0.010975000,3.302526,0.000
0.010980000,3.304254,0.000
0.010985000,3.305161,0.000
0.010990000,3.303809,0.000
0.010995000,3.300444,0.000
0.011000000,3.296832,0.000
0.011005000,3.294928,0.000
0.011010000,3.295393,0.000
0.011015000,3.297114,0.000
0.011020000,3.298091,0.000
0.011025000,3.297005,0.000
0.011030000,3.294259,0.000
0.011035000,3.291680,0.000
0.011040000,3.291121,0.000
0.011045000,3.293033,0.000
0.011050000,3.296114,0.000
0.011055000,3.298314,0.000
0.011060000,3.298401,0.000
0.011065000,3.296898,0.000
0.011070000,3.295660,0.000
0.011075000,3.296412,0.000
0.011080000,3.299392,0.000
0.011085000,3.303135,0.000
0.011090000,3.305578,0.000
0.011095000,3.305621,0.000
0.011100000,3.303948,0.000
0.011105000,3.302476,0.000
0.011110000,3.302849,0.000
0.011115000,3.305151,0.000
0.011120000,3.307825,0.000
0.011125000,3.308873,0.000
0.011130000,3.307393,0.000
0.011135000,3.304279,0.000
0.011140000,3.301542,0.000
0.011145000,3.300768,0.000
0.011150000,3.301915,0.000
0.011155000,3.303364,0.000
0.011160000,3.303200,0.000
0.011165000,3.300719,0.000
0.011170000,3.297000,0.000
0.011175000,3.294104,0.000
0.011180000,3.293510,0.000
0.011185000,3.294999,0.000
0.011190000,3.296849,0.000
0.011195000,3.297185,0.000
0.011200000,3.295444,0.000
0.011205000,3.292819,0.000
0.011210000,3.291347,0.000
0.011215000,3.292330,0.000
0.011220000,3.295327,0.000
0.011225000,3.298482,0.000
0.011230000,3.299940,0.000
0.011235000,3.299262,0.000
0.011240000,3.297736,0.000
0.011245000,3.297357,0.000
0.011250000,3.299256,0.000
0.011255000,3.302794,0.000
0.011260000,3.306030,0.000
0.011265000,3.307187,0.000
0.011270000,3.306004,0.000
0.011275000,3.303909,0.000
0.011280000,3.302902,0.000
0.011285000,3.303996,0.000
0.011290000,3.306421,0.000
0.011295000,3.308224,0.000
0.011300000,3.307773,0.000
0.011305000,3.305031,0.000
0.011310000,3.301598,0.000
0.011315000,3.299492,0.000
0.011320000,3.299613,0.000
0.011325000,3.301075,0.000
0.011330000,3.301920,0.000
0.011335000,3.300657,0.000
0.011340000,3.297447,0.000
0.011345000,3.294006,0.000
0.011350000,3.292309,0.000
0.011355000,3.293087,0.000
0.011360000,3.295283,0.000
0.011365000,3.296888,0.000
0.011370000,3.296499,0.000
0.011375000,3.294414,0.000
0.011380000,3.292399,0.000
0.011385000,3.292318,0.000
0.011390000,3.294683,0.000
0.011395000,3.298243,0.000
0.011400000,3.300927,0.000
0.011405000,3.301422,0.000
0.011410000,3.300159,0.000
0.011415000,3.298951,0.000
0.011420000,3.299562,0.000
0.011425000,3.302313,0.000
0.011430000,3.305810,0.000
0.011435000,3.307990,0.000
0.011440000,3.307692,0.000
0.011445000,3.305538,0.000
0.011450000,3.303437,0.000
0.011455000,3.303099,0.000
0.011460000,3.304716,0.000
0.011465000,3.306810,0.000
0.011470000,3.307389,0.000
0.011475000,3.305495,0.000
0.011480000,3.301965,0.000
0.011485000,3.298804,0.000
0.011490000,3.297667,0.000
0.011495000,3.298603,0.000
0.011500000,3.300051,0.000
0.011505000,3.300076,0.000
0.011510000,3.297890,0.000
0.011515000,3.294492,0.000
0.011520000,3.291919,0.000
0.011525000,3.291694,0.000
0.011530000,3.293667,0.000
0.011535000,3.296141,0.000
0.011540000,3.297190,0.000
0.011545000,3.296149,0.000
0.011550000,3.294118,0.000
0.011555000,3.293108,0.000
0.011560000,3.294465,0.000
0.011565000,3.297815,0.000
0.011570000,3.301325,0.000
0.011575000,3.303095,0.000
0.011580000,3.302593,0.000
0.011585000,3.301040,0.000
0.011590000,3.300433,0.000
0.011595000,3.301976,0.000
0.011600000,3.305122,0.000
0.011605000,3.307975,0.000
0.011610000,3.308730,0.000
0.011615000,3.307060,0.000
0.011620000,3.304354,0.000
0.011625000,3.302642,0.000
0.011630000,3.303031,0.000
0.011635000,3.304854,0.000
0.011640000,3.306202,0.000
0.011645000,3.305414,0.000
0.011650000,3.302384,0.000
0.011655000,3.298668,0.000
0.011660000,3.296310,0.000
0.011665000,3.296294,0.000
0.011670000,3.297812,0.000
0.011675000,3.298919,0.000
0.011680000,3.298064,0.000
0.011685000,3.295311,0.000
0.011690000,3.292314,0.000
0.011695000,3.291053,0.000
0.011700000,3.292319,0.000
0.011705000,3.295109,0.000
0.011710000,3.297401,0.000
0.011715000,3.297711,0.000
0.011720000,3.296231,0.000
0.011725000,3.294663,0.000
0.011730000,3.294885,0.000
0.011735000,3.297476,0.000
0.011740000,3.301243,0.000
0.011745000,3.304111,0.000
0.011750000,3.304698,0.000
0.011755000,3.303351,0.000
0.011760000,3.301852,0.000
0.011765000,3.302011,0.000
0.011770000,3.304246,0.000
0.011775000,3.307242,0.000
0.011780000,3.308949,0.000
0.011785000,3.308159,0.000
0.011790000,3.305434,0.000
0.011795000,3.302672,0.000
0.011800000,3.301652,0.000
0.011805000,3.302669,0.000
0.011810000,3.304326,0.000
0.011815000,3.304633,0.000
0.011820000,3.302573,0.000
0.011825000,3.298912,0.000
0.011830000,3.295641,0.000
0.011835000,3.294464,0.000
0.011840000,3.295514,0.000
0.011845000,3.297277,0.000
0.011850000,3.297789,0.000
0.011855000,3.296170,0.000
0.011860000,3.293327,0.000
0.011865000,3.291263,0.000
0.011870000,3.291534,0.000
0.011875000,3.294055,0.000
0.011880000,3.297154,0.000
0.011885000,3.298859,0.000
0.011890000,3.298403,0.000
0.011895000,3.296798,0.000
0.011900000,3.296031,0.000
0.011905000,3.297498,0.000
0.011910000,3.300900,0.000
0.011915000,3.304445,0.000
0.011920000,3.306198,0.000
0.011925000,3.305550,0.000
0.011930000,3.303661,0.000
0.011935000,3.302540,0.000
0.011940000,3.303474,0.000
0.011945000,3.306016,0.000
0.011950000,3.308324,0.000
0.011955000,3.308578,0.000
0.011960000,3.306386,0.000
0.011965000,3.303096,0.000
0.011970000,3.300766,0.000
0.011975000,3.300592,0.000
0.011980000,3.302005,0.000
0.011985000,3.303137,0.000
0.011990000,3.302291,0.000
0.011995000,3.299282,0.000
0.012000000,3.295611,0.000
0.012005000,3.293333,0.000
0.012010000,3.293499,0.000
0.012015000,3.295370,0.000
0.012020000,3.297009,0.000
0.012025000,3.296795,0.000
0.012030000,3.294689,0.000
0.012035000,3.292269,0.000
0.012040000,3.291518,0.000
0.012045000,3.293281,0.000
0.012050000,3.296608,0.000
0.012055000,3.299471,0.000
0.012060000,3.300312,0.000
0.012065000,3.299221,0.000
0.012070000,3.297843,0.000
0.012075000,3.298076,0.000
0.012080000,3.300575,0.000
0.012085000,3.304217,0.000
0.012090000,3.306940,0.000
0.012095000,3.307305,0.000
0.012100000,3.305589,0.000
0.012105000,3.303548,0.000
0.012110000,3.303044,0.000
0.012115000,3.304599,0.000
0.012120000,3.306985,0.000
0.012125000,3.308175,0.000
0.012130000,3.306913,0.000
0.012135000,3.303701,0.000
0.012140000,3.300422,0.000
0.012145000,3.298913,0.000
0.012150000,3.299567,0.000
0.012155000,3.301059,0.000
0.012160000,3.301397,0.000
0.012165000,3.299495,0.000
0.012170000,3.296038,0.000
0.012175000,3.292981,0.000
0.012180000,3.292068,0.000
0.012185000,3.293503,0.000
0.012190000,3.295814,0.000
0.012195000,3.296999,0.000
0.012200000,3.296085,0.000
0.012205000,3.293878,0.000
0.012210000,3.292339,0.000
0.012215000,3.293059,0.000
0.012220000,3.296015,0.000
0.012225000,3.299570,0.000
0.012230000,3.301713,0.000
0.012235000,3.301587,0.000
0.012240000,3.300121,0.000
0.012245000,3.299285,0.000
0.012250000,3.300534,0.000
0.012255000,3.303659,0.000
0.012260000,3.306919,0.000
0.012265000,3.308361,0.000
0.012270000,3.307311,0.000
0.012275000,3.304876,0.000
0.012280000,3.303081,0.000
0.012285000,3.303296,0.000
0.012290000,3.305182,0.000
0.012295000,3.306957,0.000
0.012300000,3.306784,0.000
0.012305000,3.304208,0.000
0.012310000,3.300528,0.000
0.012315000,3.297819,0.000
0.012320000,3.297356,0.000
0.012325000,3.298658,0.000
0.012330000,3.299892,0.000
0.012335000,3.299316,0.000
0.012340000,3.296655,0.000
0.012345000,3.293339,0.000
0.012350000,3.291420,0.000
0.012355000,3.292006,0.000
0.012360000,3.294418,0.000
0.012365000,3.296724,0.000
0.012370000,3.297231,0.000
0.012375000,3.295793,0.000
0.012380000,3.293914,0.000
0.012385000,3.293569,0.000
0.012390000,3.295665,0.000
0.012395000,3.299312,0.000
0.012400000,3.302488,3.300
0.012405000,3.303570,3.300
0.012410000,3.302559,3.300
0.012415000,3.301050,3.300
0.012420000,3.300967,3.300
0.012425000,3.303055,3.300
0.012430000,3.306275,3.300
0.012435000,3.308588,3.300
0.012440000,3.308514,3.300
0.012445000,3.306264,3.300
0.012450000,3.303573,3.300
0.012455000,3.302355,3.300
0.012460000,3.303238,3.300
0.012465000,3.305082,3.300
0.012470000,3.305882,3.300
0.012475000,3.304337,3.300
0.012480000,3.300875,3.300
0.012485000,3.297356,3.300
0.012490000,3.295661,3.300
0.012495000,3.296270,3.300
0.012500000,3.297920,3.300
0.012505000,3.298611,3.300
0.012510000,3.297176,3.300
0.012515000,3.294205,3.300
0.012520000,3.291609,3.300
0.012525000,3.291157,3.300
0.012530000,3.293117,3.300
0.012535000,3.296053,3.300
0.012540000,3.297933,3.300
0.012545000,3.297686,3.300
0.012550000,3.296019,3.300
0.012555000,3.294853,3.300
0.012560000,3.295812,3.300
0.012565000,3.298947,3.300
0.012570000,3.302666,3.300
0.012575000,3.304932,3.300
0.012580000,3.304812,3.300
0.012585000,3.303162,3.300
0.012590000,3.301943,3.300
0.012595000,3.302679,3.300
0.012600000,3.305259,3.300
0.012605000,3.291084,3.300
0.012610000,3.275120,3.300
0.012615000,3.256631,3.300
0.012620000,3.236676,3.300
0.012625000,3.217292,3.300
0.012630000,3.199933,3.300
0.012635000,3.184363,3.300
0.012640000,3.168859,3.300
0.012645000,3.151566,3.300
0.012650000,3.131956,3.300
0.012655000,3.111269,3.300
0.012660000,3.091581,3.300
0.012665000,3.074233,3.300
0.012670000,3.058821,3.300
0.012675000,3.043538,3.300
0.012680000,3.026591,3.300
0.012685000,3.007603,3.300
0.012690000,2.987922,3.300
0.012695000,2.969588,3.300
0.012700000,2.953757,3.300
0.012705000,2.939811,3.300
0.012710000,2.925821,3.300
0.012715000,2.910030,3.300
0.012720000,2.892188,3.300
0.012725000,2.873724,3.300
0.012730000,2.856615,3.300
0.012735000,2.865179,3.300
0.012740000,2.875161,3.300
0.012745000,2.884557,3.300
0.012750000,2.891699,3.300
0.012755000,2.896510,3.300
0.012760000,2.900543,3.300
0.012765000,2.905763,3.300
0.012770000,2.913007,3.300
0.012775000,2.921334,3.300
0.012780000,2.928741,3.300
0.012785000,2.933713,3.300
0.012790000,2.936399,3.300
0.012795000,2.938510,3.300
0.012800000,2.942009,3.300
0.012805000,2.947623,3.300
0.012810000,2.954300,3.300
0.012815000,2.960053,3.300
0.012820000,2.963524,3.300
0.012825000,2.965066,3.300
0.012830000,2.966496,3.300
0.012835000,2.969728,3.300
0.012840000,2.975315,3.300
0.012845000,2.982051,3.300
0.012850000,2.987920,3.300
0.012855000,2.991669,3.300
0.012860000,2.993787,3.300
0.012865000,2.996130,3.300
0.012870000,3.000489,3.300
0.012875000,3.007195,3.300
0.012880000,3.014855,3.300
0.012885000,3.021409,3.300
0.012890000,3.025700,3.300
0.012895000,3.028343,3.300
0.012900000,3.031222,3.300
0.012905000,3.036007,3.300
0.012910000,3.042832,3.300
0.012915000,3.050164,3.300
0.012920000,3.055961,3.300
0.012925000,3.059223,3.300
0.012930000,3.060745,3.300
0.012935000,3.062486,3.300
0.012940000,3.066043,3.300
0.012945000,3.071414,3.300
0.012950000,3.076995,3.300
0.012955000,3.080829,3.300
0.012960000,3.082124,3.300
0.012965000,3.081884,3.300
0.012970000,3.082154,3.300
0.012975000,3.084461,3.300
0.012980000,3.088668,3.300
0.012985000,3.093103,3.300
0.012990000,3.095886,3.300
0.012995000,3.096409,3.300
0.013000000,3.095837,3.300
0.013005000,3.096234,3.300
0.013010000,3.098992,3.300
0.013015000,3.103778,3.300
0.013020000,3.108805,3.300
0.013025000,3.112222,3.300
0.013030000,3.113551,3.300
0.013035000,3.114051,3.300
0.013040000,3.115743,3.300
0.013045000,3.119834,3.300
0.013050000,3.125768,3.300
0.013055000,3.131632,3.300
0.013060000,3.135614,3.300
0.013065000,3.137369,3.300
0.013070000,3.138260,3.300
0.013075000,3.140275,3.300
0.013080000,3.144460,3.300
0.013085000,3.150086,3.300
0.013090000,3.155186,3.300
0.013095000,3.158052,3.300
0.013100000,3.158539,3.300
0.013105000,3.158166,3.300
0.013110000,3.158931,3.300
0.013115000,3.161772,3.300
0.013120000,3.165844,3.300
0.013125000,3.169182,3.300
0.013130000,3.170236,3.300
0.013135000,3.169087,3.300
0.013140000,3.167408,3.300
0.013145000,3.167201,3.300
0.013150000,3.169278,3.300
0.013155000,3.172664,3.300
0.013160000,3.175381,3.300
0.013165000,3.176005,3.300
0.013170000,3.174795,3.300
0.013175000,3.173513,3.300
0.013180000,3.174088,3.300
0.013185000,3.177137,3.300
0.013190000,3.181502,3.300
0.013195000,3.185147,3.300
0.013200000,3.186731,3.300
0.013205000,3.186637,3.300
0.013210000,3.186665,3.300
0.013215000,3.188622,3.300
0.013220000,3.192908,3.300
0.013225000,3.198179,3.300
0.013230000,3.202359,3.300
0.013235000,3.204216,3.300
0.013240000,3.204279,3.300
0.013245000,3.204406,3.300
0.013250000,3.206316,3.300
0.013255000,3.210239,3.300
0.013260000,3.214713,3.300
0.013265000,3.217700,3.300
0.013270000,3.218144,3.300
0.013275000,3.216783,3.300
0.013280000,3.215573,3.300
0.013285000,3.216185,3.300
0.013290000,3.218722,3.300
0.013295000,3.221655,3.300
0.013300000,3.223022,3.300
0.013305000,3.221971,3.300
0.013310000,3.219441,3.300
0.013315000,3.217468,3.300
0.013320000,3.217642,3.300
0.013325000,3.219908,3.300
0.013330000,3.222640,3.300
0.013335000,3.223921,3.300
0.013340000,3.223051,3.300
0.013345000,3.221108,3.300
0.013350000,3.220127,3.300
0.013355000,3.221546,3.300
0.013360000,3.225092,3.300
0.013365000,3.228997,3.300
0.013370000,3.231355,3.300
0.013375000,3.231583,3.300
0.013380000,3.230855,3.300
0.013385000,3.231173,3.300
0.013390000,3.233796,3.300
0.013395000,3.238240,3.300
0.013400000,3.242623,0.000
0.013405000,3.245087,0.000
0.013410000,3.245207,0.000
0.013415000,3.244286,0.000
0.013420000,3.244330,0.000
0.013425000,3.246469,0.000
0.013430000,3.250071,0.000
0.013435000,3.253214,0.000
0.013440000,3.254166,0.000
0.013445000,3.252718,0.000
0.013450000,3.250351,0.000
0.013455000,3.249101,0.000
0.013460000,3.249999,0.000
0.013465000,3.252296,0.000
0.013470000,3.254063,0.000
0.013475000,3.253710,0.000
0.013480000,3.251240,0.000
0.013485000,3.248280,0.000
0.013490000,3.246851,0.000
0.013495000,3.247841,0.000
0.013500000,3.250340,0.000
0.013505000,3.252372,0.000
0.013510000,3.252442,0.000
0.013515000,3.250703,0.000
0.013520000,3.248853,0.000
0.013525000,3.248827,0.000
0.013530000,3.251301,0.000
0.013535000,3.255165,0.000
0.013540000,3.258369,0.000
0.013545000,3.259489,0.000
0.013550000,3.258807,0.000
0.013555000,3.258069,0.000
0.013560000,3.259106,0.000
0.013565000,3.262394,0.000
0.013570000,3.266654,0.000
0.013575000,3.269809,0.000
0.013580000,3.270564,0.000
0.013585000,3.269377,0.000
0.013590000,3.268085,0.000
0.013595000,3.268464,0.000
0.013600000,3.270847,0.000
0.013605000,3.273855,0.000
0.013610000,3.275463,0.000
0.013615000,3.274565,0.000
0.013620000,3.271838,0.000
0.013625000,3.269234,0.000
0.013630000,3.268490,0.000
0.013635000,3.269809,0.000
0.013640000,3.271730,0.000
0.013645000,3.272285,0.000
0.013650000,3.299947,0.000
0.013655000,3.296355,0.000
0.013660000,3.293356,0.000
0.013665000,3.292584,0.000
0.013670000,3.294060,0.000
0.013675000,3.296192,0.000
0.013680000,3.297023,0.000
0.013685000,3.295754,0.000
0.013690000,3.293366,0.000
0.013695000,3.291864,0.000
0.013700000,3.292720,0.000
0.013705000,3.295726,0.000
0.013710000,3.299138,0.000
0.013715000,3.301004,0.000
0.013720000,3.300643,0.000
0.013725000,3.299150,0.000
0.013730000,3.298515,0.000
0.013735000,3.300059,0.000
0.013740000,3.303382,0.000
0.013745000,3.306644,0.000
0.013750000,3.307961,0.000
0.013755000,3.306836,0.000
0.013760000,3.304526,0.000
0.013765000,3.303054,0.000
0.013770000,3.303642,0.000
0.013775000,3.305761,0.000
0.013780000,3.307541,0.000
0.013785000,3.307229,0.000
0.013790000,3.304551,0.000
0.013795000,3.300947,0.000
0.013800000,3.298477,0.000
0.013805000,3.298260,0.000
0.013810000,3.299634,0.000
0.013815000,3.300701,0.000
0.013820000,3.299819,0.000
0.013825000,3.296904,0.000
0.013830000,3.293521,0.000
0.013835000,3.291697,0.000
0.013840000,3.292382,0.000
0.013845000,3.294726,0.000
0.013850000,3.296750,0.000
0.013855000,3.296881,0.000
0.013860000,3.295166,0.000
0.013865000,3.293232,0.000
0.013870000,3.293017,0.000
0.013875000,3.295257,0.000
0.013880000,3.298899,0.000
0.013885000,3.301885,0.000
0.013890000,3.302722,0.000
0.013895000,3.301599,0.000
0.013900000,3.300216,0.000
0.013905000,3.300437,0.000
0.013910000,3.302824,0.000
0.013915000,3.306177,0.000
0.013920000,3.308434,0.000
0.013925000,3.308248,0.000
0.013930000,3.306015,0.000
0.013935000,3.303553,0.000
0.013940000,3.302701,0.000
0.013945000,3.303895,0.000
0.013950000,3.305844,0.000
0.013955000,3.306537,0.000
0.013960000,3.304816,0.000
0.013965000,3.301293,0.000
0.013970000,3.297904,0.000
0.013975000,3.296439,0.000
0.013980000,3.297193,0.000
0.013985000,3.298763,0.000
0.013990000,3.299167,0.000
0.013995000,3.297399,0.000
0.014000000,3.294232,0.000
0.014005000,3.291642,0.000
0.014010000,3.291301,0.000
0.014015000,3.293292,0.000
0.014020000,3.296057,0.000
0.014025000,3.297597,0.000
0.014030000,3.297015,0.000
0.014035000,3.295194,0.000
0.014040000,3.294103,0.000
0.014045000,3.295256,0.000
0.014050000,3.298513,0.000
0.014055000,3.302168,0.000
0.014060000,3.304233,0.000
0.014065000,3.303946,0.000
0.014070000,3.302328,0.000
0.014075000,3.301368,0.000
0.014080000,3.302456,0.000
0.014085000,3.305290,0.000
0.014090000,3.308088,0.000
0.014095000,3.308949,0.000
0.014100000,3.307313,0.000
0.014105000,3.304392,0.000
0.014110000,3.302231,0.000
0.014115000,3.302141,0.000
0.014120000,3.303694,0.000
0.014125000,3.305076,0.000
0.014130000,3.304508,0.000
0.014135000,3.301646,0.000
0.014140000,3.297876,0.000
0.014145000,3.295272,0.000
0.014150000,3.295024,0.000
0.014155000,3.296550,0.000
0.014160000,3.297970,0.000
0.014165000,3.297588,0.000
0.014170000,3.295219,0.000
0.014175000,3.292353,0.000
0.014180000,3.291015,0.000
0.014185000,3.292206,0.000
0.014190000,3.295133,0.000
0.014195000,3.297816,0.000
0.014200000,3.298607,0.000
0.014205000,3.297450,0.000
0.014210000,3.295900,0.000
0.014215000,3.295904,0.000
0.014220000,3.298263,0.000
0.014225000,3.301991,0.000
0.014230000,3.305042,0.000
0.014235000,3.305862,0.000
0.014240000,3.304560,0.000
0.014245000,3.302800,0.000
0.014250000,3.302487,0.000
0.014255000,3.304279,0.000
0.014260000,3.307063,0.000
0.014265000,3.308806,0.000
0.014270000,3.308119,0.000
0.014275000,3.305332,0.000
0.014280000,3.302250,0.000
0.014285000,3.300766,0.000
0.014290000,3.301418,0.000
0.014295000,3.302998,0.000
0.014300000,3.303507,0.000
0.014305000,3.301728,0.000
0.014310000,3.298197,0.000
0.014315000,3.294819,0.000
0.014320000,3.293424,0.000
0.014325000,3.294384,0.000
0.014330000,3.296350,0.000
0.014335000,3.297314,0.000
0.014340000,3.296181,0.000
0.014345000,3.293627,0.000
0.014350000,3.291581,0.000
0.014355000,3.291740,0.000
0.014360000,3.294251,0.000
0.014365000,3.297591,0.000
0.014370000,3.299724,0.000
0.014375000,3.299660,0.000
0.014380000,3.298190,0.000
0.014385000,3.297253,0.000
0.014390000,3.298406,0.000
0.014395000,3.301595,0.000
0.014400000,3.305161,0.000
0.014405000,3.307099,0.000
0.014410000,3.306574,0.000
0.014415000,3.304547,0.000
0.014420000,3.303010,0.000
0.014425000,3.303431,0.000
0.014430000,3.305614,0.000
0.014435000,3.307840,0.000
0.014440000,3.308202,0.000
0.014445000,3.306080,0.000
0.014450000,3.302635,0.000
0.014455000,3.299929,0.000
0.014460000,3.299353,0.000
0.014465000,3.300577,0.000
0.014470000,3.301835,0.000
0.014475000,3.301317,0.000
0.014480000,3.298597,0.000
0.014485000,3.294994,0.000
0.014490000,3.292579,0.000
0.014495000,3.292603,0.000
0.014500000,3.294549,0.000
0.014505000,3.296555,0.000
0.014510000,3.296859,0.000
0.014515000,3.295172,0.000
0.014520000,3.292903,0.000
0.014525000,3.292065,0.000
0.014530000,3.293710,0.000
0.014535000,3.297106,0.000
0.014540000,3.300277,0.000
0.014545000,3.301513,0.000
0.014550000,3.300657,0.000
0.014555000,3.299204,0.000
0.014560000,3.299112,0.000
0.014565000,3.301262,0.000
0.014570000,3.304745,0.000
0.014575000,3.307542,0.000
0.014580000,3.308054,0.000
0.014585000,3.306321,0.000
0.014590000,3.303975,0.000
0.014595000,3.302966,0.000
0.014600000,3.304053,0.000
0.014605000,3.306220,0.000
0.014610000,3.307462,0.000
0.014615000,3.306351,0.000
0.014620000,3.303153,0.000
0.014625000,3.299646,0.000
0.014630000,3.297768,0.000
0.014635000,3.298152,0.000
0.014640000,3.299663,0.000
0.014645000,3.300306,0.000
0.014650000,3.298798,0.000
0.014655000,3.295587,0.000
0.014660000,3.292529,0.000
0.014665000,3.291481,0.000
0.014670000,3.292883,0.000
0.014675000,3.295429,0.000
0.014680000,3.297088,0.000
0.014685000,3.296672,0.000
0.014690000,3.294752,0.000
0.014695000,3.293207,0.000
0.014700000,3.293761,0.000
0.014705000,3.296626,0.000
0.014710000,3.300322,0.000
0.014715000,3.302790,0.000
0.014720000,3.302955,0.000
0.014725000,3.301526,0.000
0.014730000,3.300419,0.000
0.014735000,3.301247,0.000
0.014740000,3.304047,0.000
0.014745000,3.307228,0.000
0.014750000,3.308776,0.000
0.014755000,3.307798,0.000
0.014760000,3.305200,0.000
0.014765000,3.302979,0.000
0.014770000,3.302684,0.000
0.014775000,3.304223,0.000
0.014780000,3.305948,0.000
0.014785000,3.305942,0.000
0.014790000,3.303522,0.000
0.014795000,3.299793,0.000
0.014800000,3.296819,0.000
0.014805000,3.296060,0.000
0.014810000,3.297273,0.000
0.014815000,3.298731,0.000
0.014820000,3.298584,0.000
0.014825000,3.296316,0.000
0.014830000,3.293163,0.000
0.014835000,3.291182,0.000
0.014840000,3.291669,0.000
0.014845000,3.294174,0.000
0.014850000,3.296843,0.000
0.014855000,3.297854,0.000
0.014860000,3.296812,0.000
0.014865000,3.295043,0.000
0.014870000,3.294547,0.000
0.014875000,3.296435,0.000
0.014880000,3.300041,0.000
0.014885000,3.303409,0.000
0.014890000,3.304775,0.000
0.014895000,3.303898,0.000
0.014900000,3.302218,0.000
0.014905000,3.301717,0.000
0.014910000,3.303360,0.000
0.014915000,3.306332,0.000
0.014920000,3.308650,0.000
0.014925000,3.308685,0.000
0.014930000,3.306410,0.000
0.014935000,3.303427,0.000
0.014940000,3.301732,0.000
0.014945000,3.302183,0.000
0.014950000,3.303856,0.000
0.014955000,3.304777,0.000
0.014960000,3.303475,0.000
0.014965000,3.300141,0.000
0.014970000,3.296514,0.000
0.014975000,3.294565,0.000
0.014980000,3.295006,0.000
0.014985000,3.296767,0.000
0.014990000,3.297850,0.000
0.014995000,3.296896,0.000
0.015000000,3.294250,0.000
0.015005000,3.291715,0.000
0.015010000,3.291161,0.000
0.015015000,3.293088,0.000
0.015020000,3.296236,0.000
0.015025000,3.298550,0.000
0.015030000,3.298753,0.000
0.015035000,3.297317,0.000
0.015040000,3.296071,0.000
0.015045000,3.296768,0.000
0.015050000,3.299697,0.000
0.015055000,3.303434,0.000
0.015060000,3.305908,0.000
0.015065000,3.305977,0.000
0.015070000,3.304275,0.000
0.015075000,3.302706,0.000
0.015080000,3.302944,0.000
0.015085000,3.305129,0.000
0.015090000,3.307744,0.000
0.015095000,3.308782,0.000
0.015100000,3.307296,0.000
0.015105000,3.304135,0.000
0.015110000,3.301299,0.000
0.015115000,3.300412,0.000
0.015120000,3.301484,0.000
0.015125000,3.302931,0.000
0.015130000,3.302824,0.000
0.015135000,3.300410,0.000
0.015140000,3.296721,0.000
0.015145000,3.293809,0.000
0.015150000,3.293190,0.000
0.015155000,3.294697,0.000
0.015160000,3.296634,0.000
0.015165000,3.297105,0.000
0.015170000,3.295492,0.000
0.015175000,3.292943,0.000
0.015180000,3.291489,0.000
0.015185000,3.292470,0.000
0.015190000,3.295495,0.000
0.015195000,3.298730,0.000
0.015200000,3.300296,0.000
0.015205000,3.299699,0.000
0.015210000,3.298185,0.000
0.015215000,3.297751,0.000
0.015220000,3.299570,0.000
0.015225000,3.303056,0.000
0.015230000,3.306289,0.000
0.015235000,3.307466,0.000
0.015240000,3.306273,0.000
0.015245000,3.304104,0.000
0.015250000,3.302968,0.000
0.015255000,3.303925,0.000
0.015260000,3.306259,0.000
0.015265000,3.308033,0.000
0.015270000,3.307588,0.000
0.015275000,3.304836,0.000
0.015280000,3.301343,0.000
0.015285000,3.299140,0.000
0.015290000,3.299177,0.000
0.015295000,3.300618,0.000
0.015300000,3.301513,0.000
0.015305000,3.300339,0.000
0.015310000,3.297200,0.000
0.015315000,3.293783,0.000
0.015320000,3.292075,0.000
0.015325000,3.292856,0.000
0.015330000,3.295112,0.000
0.015335000,3.296837,0.000
0.015340000,3.296589,0.000
0.015345000,3.294610,0.000
0.015350000,3.292635,0.000
0.015355000,3.292547,0.000
0.015360000,3.294908,0.000
0.015365000,3.298506,0.000
0.015370000,3.301272,0.000
0.015375000,3.301850,0.000
0.015380000,3.300619,0.000
0.015385000,3.299367,0.000
0.015390000,3.299884,0.000
0.015395000,3.302546,0.000
0.015400000,3.305998,0.000
0.015405000,3.308177,0.000
0.015410000,3.307880,0.000
0.015415000,3.305681,0.000
0.015420000,3.303471,0.000
0.015425000,3.302992,0.000
0.015430000,3.304492,0.000
0.015435000,3.306532,0.000
0.015440000,3.307116,0.000
0.015445000,3.305240,0.000
0.015450000,3.301692,0.000
0.015455000,3.298468,0.000
0.015460000,3.297252,0.000
0.015465000,3.298150,0.000
0.015470000,3.299632,0.000
0.015475000,3.299751,0.000
0.015480000,3.297669,0.000
0.015485000,3.294337,0.000
0.015490000,3.291779,0.000
0.015495000,3.291553,0.000
0.015500000,3.293558,0.000
0.015505000,3.296126,0.000
0.015510000,3.297312,0.000
0.015515000,3.296395,0.000
0.015520000,3.294432,0.000
0.015525000,3.293422,0.000
0.015530000,3.294752,0.000
0.015535000,3.298098,0.000
0.015540000,3.301652,0.000
0.015545000,3.303491,0.000
0.015550000,3.303033,0.000
0.015555000,3.301456,0.000
0.015560000,3.300758,0.000
0.015565000,3.302185,0.000
0.015570000,3.305246,0.000
0.015575000,3.308067,0.000
0.015580000,3.308822,0.000
0.015585000,3.307131,0.000
0.015590000,3.304347,0.000
0.015595000,3.302508,0.000
0.015600000,3.302767,0.000
0.015605000,3.304511,0.000
0.015610000,3.305850,0.000
0.015615000,3.305095,0.000
0.015620000,3.302088,0.000
0.015625000,3.298351,0.000
0.015630000,3.295936,0.000
0.015635000,3.295874,0.000
0.015640000,3.297405,0.000
0.015645000,3.298598,0.000
0.015650000,3.297864,0.000
0.015655000,3.295215,0.000
0.015660000,3.292267,0.000
0.015665000,3.291013,0.000
0.015670000,3.292291,0.000
0.015675000,3.295141,0.000
0.015680000,3.297548,0.000
0.015685000,3.297988,0.000
0.015690000,3.296597,0.000
0.015695000,3.295048,0.000
0.015700000,3.295234,0.000
0.015705000,3.297785,0.000
0.015710000,3.301551,0.000
0.015715000,3.304460,0.000
0.015720000,3.305092,0.000
0.015725000,3.303741,0.000
0.015730000,3.302166,0.000
0.015735000,3.302201,0.000
0.015740000,3.304318,0.000
0.015745000,3.307245,0.000
0.015750000,3.308936,0.000
0.015755000,3.308141,0.000
0.015760000,3.305373,0.000
0.015765000,3.302513,0.000
0.015770000,3.301367,0.000
0.015775000,3.302286,0.000
0.015780000,3.303913,0.000
0.015785000,3.304255,0.000
0.015790000,3.302249,0.000
0.015795000,3.298613,0.000
0.015800000,3.295319,0.000
0.015805000,3.294102,0.000
0.015810000,3.295147,0.000
0.015815000,3.296976,0.000
0.015820000,3.297609,0.000
0.015825000,3.296120,0.000
0.015830000,3.293364,0.000
0.015835000,3.291327,0.000
0.015840000,3.291601,0.000
0.015845000,3.294148,0.000
0.015850000,3.297327,0.000
0.015855000,3.299149,0.000
0.015860000,3.298796,0.000
0.015865000,3.297232,0.000
0.015870000,3.296434,0.000
0.015875000,3.297836,0.000
0.015880000,3.301194,0.000
0.015885000,3.304740,0.000
0.015890000,3.306524,0.000
0.015895000,3.305886,0.000
0.015900000,3.303945,0.000
0.015905000,3.302708,0.000
0.015910000,3.303505,0.000
0.015915000,3.305944,0.000
0.015920000,3.308210,0.000
0.015925000,3.308462,0.000
0.015930000,3.306258,0.000
0.015935000,3.302908,0.000
0.015940000,3.300473,0.000
0.015945000,3.300195,0.000
0.015950000,3.301558,0.000
0.015955000,3.302713,0.000
0.015960000,3.301938,0.000
0.015965000,3.298994,0.000
0.015970000,3.295342,0.000
0.015975000,3.293045,0.000
0.015980000,3.293198,0.000
0.015985000,3.295109,0.000
0.015990000,3.296855,0.000
0.015995000,3.296781,0.000
0.016000000,3.294792,0.000
0.016005000,3.292430,0.000
0.016010000,3.291683,0.000
0.016015000,3.293446,0.000
0.016020000,3.296813,0.000
0.016025000,3.299765,0.000
0.016030000,3.300707,0.000
0.016035000,3.299675,0.000
0.016040000,3.298282,0.000
0.016045000,3.298442,0.000
0.016050000,3.300860,0.000
0.016055000,3.304460,0.000
0.016060000,3.307186,0.000
0.016065000,3.307565,0.000
0.016070000,3.305820,0.000
0.016075000,3.303684,0.000
0.016080000,3.303041,0.000
0.016085000,3.304468,0.000
0.016090000,3.306783,0.000
0.016095000,3.307961,0.000
0.016100000,3.306709,0.000
0.016105000,3.303477,0.000
0.016110000,3.300128,0.000
0.016115000,3.298525,0.000
0.016120000,3.299114,0.000
0.016125000,3.300611,0.000
0.016130000,3.301021,0.000
0.016135000,3.299213,0.000
0.016140000,3.295819,0.000
0.016145000,3.292776,0.000
0.016150000,3.291854,0.000
0.016155000,3.293307,0.000
0.016160000,3.295698,0.000
0.016165000,3.297016,0.000
0.016170000,3.296237,0.000
0.016175000,3.294117,0.000
0.016180000,3.292598,0.000
0.016185000,3.293303,0.000
0.016190000,3.296260,0.000
0.016195000,3.299864,0.000
0.016200000,3.302090,0.000
0.016205000,3.302032,0.000
0.016210000,3.300571,0.000
0.016215000,3.299667,0.000
0.016220000,3.300814,0.000
0.016225000,3.303855,0.000
0.016230000,3.307082,0.000
0.016235000,3.308527,0.000
0.016240000,3.307467,0.000
0.016245000,3.304967,0.000
0.016250000,3.303049,0.000
0.016255000,3.303125,0.000
0.016260000,3.304912,0.000
0.016265000,3.306655,0.000
0.016270000,3.306500,0.000
0.016275000,3.303940,0.000
0.016280000,3.300233,0.000
0.016285000,3.297456,0.000
0.016290000,3.296926,0.000
0.016295000,3.298214,0.000
0.016300000,3.299507,0.000
0.016305000,3.299039,0.000
0.016310000,3.296479,0.000
0.016315000,3.293215,0.000
0.016320000,3.291304,0.000
0.016325000,3.291894,0.000
0.016330000,3.294356,0.000
0.016335000,3.296772,0.000
0.016340000,3.297417,0.000
0.016345000,3.296089,0.000
0.016350000,3.294252,0.000
0.016355000,3.293891,0.000
0.016360000,3.295957,0.000
0.016365000,3.299609,0.000
0.016370000,3.302835,0.000
0.016375000,3.303980,0.000
0.016380000,3.302992,0.000
0.016385000,3.301432,0.000
0.016390000,3.301242,0.000
0.016395000,3.303215,0.000
0.016400000,3.306361,0.000
0.016405000,3.308653,0.000
0.016410000,3.308577,0.000
0.016415000,3.306293,0.000
0.016420000,3.303507,0.000
0.016425000,3.302158,0.000
0.016430000,3.302923,0.000
0.016435000,3.304712,0.000
0.016440000,3.305525,0.000
0.016445000,3.304019,0.000
0.016450000,3.300575,0.000
0.016455000,3.297026,0.000
0.016460000,3.295276,0.000
0.016465000,3.295857,0.000
0.016470000,3.297546,0.000
0.016475000,3.298342,0.000
0.016480000,3.297032,0.000
0.016485000,3.294153,0.000
0.016490000,3.291593,0.000
0.016495000,3.291144,0.000
0.016500000,2.970000,0.000
0.016505000,3.296139,0.000
0.016510000,3.298141,0.000
0.016515000,3.298014,0.000
0.016520000,3.296414,0.000
0.016525000,3.295243,0.000
0.016530000,3.296154,0.000
0.016535000,3.299252,0.000
0.016540000,3.302978,0.000
0.016545000,3.305288,0.000
0.016550000,3.305199,0.000
0.016555000,3.303521,0.000
0.016560000,3.302204,0.000
0.016565000,3.302808,0.000
0.016570000,3.305279,0.000
0.016575000,3.307976,0.000
0.016580000,3.308927,0.000
0.016585000,3.307350,0.000
0.016590000,3.304261,0.000
0.016595000,3.301691,0.000
0.016600000,3.301135,0.000
0.016605000,3.302412,0.000
0.016610000,3.303827,0.000
0.016615000,3.303508,0.000
0.016620000,3.300876,0.000
0.016625000,3.297127,0.000
0.016630000,3.294334,0.000
0.016635000,3.293878,0.000
0.016640000,3.295407,0.000
0.016645000,3.297136,0.000
0.016650000,3.297244,0.000
0.016655000,3.295302,0.000
0.016660000,3.292614,0.000
0.016665000,3.291218,0.000
0.016670000,3.292313,0.000
0.016675000,3.295328,0.000
0.016680000,3.298353,0.000
0.016685000,3.299601,0.000
0.016690000,3.298766,0.000
0.016695000,3.297238,0.000
0.016700000,3.297002,0.000
0.016705000,3.299074,0.000
0.016710000,3.302689,0.000
0.016715000,3.305858,0.000
0.016720000,3.306880,0.000
0.016725000,3.305626,0.000
0.016730000,3.303616,0.000
0.016735000,3.302824,0.000
0.016740000,3.304141,0.000
0.016745000,3.306671,0.000
0.016750000,3.308426,0.000
0.016755000,3.307855,0.000
0.016760000,3.305057,0.000
0.016765000,3.301711,0.000
0.016770000,3.299799,0.000
0.016775000,3.300096,0.000
0.016780000,3.301596,0.000
0.016785000,3.302320,0.000
0.016790000,3.300868,0.000
0.016795000,3.297539,0.000
0.016800000,3.294123,0.000
0.016805000,3.292548,0.000
0.016810000,3.293420,0.000
0.016815000,3.295572,0.000
0.016820000,3.296984,0.000
0.016825000,3.296359,0.000
0.016830000,3.294131,0.000
0.016835000,3.292130,0.000
0.016840000,3.292166,0.000
0.016845000,3.294622,0.000
0.016850000,3.298140,0.000
0.016855000,3.300656,0.000
0.016860000,3.300964,0.000
0.016865000,3.299629,0.000
0.016870000,3.298514,0.000
0.016875000,3.299317,0.000
0.016880000,3.302225,0.000
0.016885000,3.305743,0.000
0.016890000,3.307821,0.000
0.016895000,3.307413,0.000
0.016900000,3.305265,0.000
0.016905000,3.303326,0.000
0.016910000,3.303227,0.000
0.016915000,3.305020,0.000
0.016920000,3.307138,0.000
0.016925000,3.307610,0.000
0.016930000,3.305600,0.000
0.016935000,3.302065,0.000
0.016940000,3.299039,0.000
0.016945000,3.298089,0.000
0.016950000,3.299129,0.000
0.016955000,3.300517,0.000
0.016960000,3.300355,0.000
0.016965000,3.297982,0.000
0.016970000,3.294517,0.000
0.016975000,3.292016,0.000
0.016980000,3.291909,0.000
0.016985000,3.293912,0.000
0.016990000,3.296261,0.000
0.016995000,3.297080,0.000
0.017000000,3.295835,0.000
0.017005000,3.293742,0.000
0.017010000,3.292818,0.000
0.017015000,3.294309,0.000
0.017020000,3.297708,0.000
0.017025000,3.301124,0.000
0.017030000,3.302716,0.000
0.017035000,3.302085,0.000
0.017040000,3.300557,0.000
0.017045000,3.300121,0.000
0.017050000,3.301871,0.000
0.017055000,3.305129,0.000
0.017060000,3.307946,0.000
0.017065000,3.308586,0.000
0.017070000,3.306854,0.000
0.017075000,3.304232,0.000
0.017080000,3.302733,0.000
0.017085000,3.303343,0.000
0.017090000,3.305267,0.000
0.017095000,3.306555,0.000
0.017100000,3.305625,0.000
0.017105000,3.302506,0.000
0.017110000,3.298839,0.000
0.017115000,3.296641,0.000
0.017120000,3.296771,0.000
0.017125000,3.298301,0.000
0.017130000,3.299260,0.000
0.017135000,3.298186,0.000
0.017140000,3.295282,0.000
0.017145000,3.292279,0.000
0.017150000,3.291122,0.000
0.017155000,3.292476,0.000
0.017160000,3.295223,0.000
0.017165000,3.297329,0.000
0.017170000,3.297411,0.000
0.017175000,3.295795,0.000
0.017180000,3.294253,0.000
0.017185000,3.294615,0.000
0.017190000,3.297330,0.000
0.017195000,3.301094,0.000
0.017200000,3.303831,0.000
0.017205000,3.304263,0.000
0.017210000,3.302870,0.000
0.017215000,3.301489,0.000
0.017220000,3.301868,0.000
0.017225000,3.304288,0.000
0.017230000,3.307332,0.000
0.017235000,3.308956,0.000
0.017240000,3.308062,0.000
0.017245000,3.305338,0.000
0.017250000,3.302727,0.000
0.017255000,3.301934,0.000
0.017260000,3.303116,0.000
0.017265000,3.304781,0.000
0.017270000,3.304960,0.000
0.017275000,3.302751,0.000
0.017280000,3.299046,0.000
0.017285000,3.295870,0.000
0.017290000,3.294846,0.000
0.017295000,3.295973,0.000
0.017300000,3.297654,0.000
0.017305000,3.297954,0.000
0.017310000,3.296124,0.000
0.017315000,3.293190,0.000
0.017320000,3.291180,0.000
0.017325000,3.291565,0.000
0.017330000,3.294123,0.000
0.017335000,3.297112,0.000
0.017340000,3.298602,0.000
0.017345000,3.297958,0.000
0.017350000,3.296308,0.000
0.017355000,3.295650,0.000
0.017360000,3.297283,0.000
0.017365000,3.300774,0.000
0.017370000,3.304265,0.000
0.017375000,3.305874,0.000
0.017380000,3.305124,0.000
0.017385000,3.303281,0.000
0.017390000,3.302353,0.000
0.017395000,3.303516,0.000
0.017400000,3.306190,0.000
0.017405000,3.308478,0.000
0.017410000,3.308619,0.000
0.017415000,3.306356,0.000
0.017420000,3.303133,0.000
0.017425000,3.300995,0.000
0.017430000,3.301023,0.000
0.017435000,3.302517,0.000
0.017440000,3.303566,0.000
0.017445000,3.302547,0.000
0.017450000,3.299410,0.000
0.017455000,3.295748,0.000
0.017460000,3.293593,0.000
0.017465000,3.293878,0.000
0.017470000,3.295741,0.000
0.017475000,3.297215,0.000
0.017480000,3.296764,0.000
0.017485000,3.294489,0.000
0.017490000,3.292052,0.000
0.017495000,3.291402,0.000
0.017500000,3.293263,0.000
0.017505000,3.296568,0.000
0.017510000,3.299270,0.000
0.017515000,3.299905,0.000
0.017520000,3.298701,0.000
0.017525000,3.297374,0.000
0.017530000,3.297777,0.000
0.017535000,3.300437,0.000
0.017540000,3.304117,0.000
0.017545000,3.306745,0.000
0.017550000,3.306983,0.000
0.017555000,3.305239,0.000
0.017560000,3.303330,0.000
0.017565000,3.303058,0.000
0.017570000,3.304813,0.000
0.017575000,3.307257,0.000
0.017580000,3.308364,0.000
0.017585000,3.306986,0.000
0.017590000,3.303752,0.000
0.017595000,3.300596,0.000
0.017600000,3.299287,0.000
0.017605000,3.300083,0.000
0.017610000,3.301558,0.000
0.017615000,3.301738,0.000
0.017620000,3.299651,0.000
0.017625000,3.296109,0.000
0.017630000,3.293112,0.000
0.017635000,3.292325,0.000
0.017640000,3.293820,0.000
0.017645000,3.296036,0.000
0.017650000,3.297002,0.000
0.017655000,3.295866,0.000
0.017660000,3.293561,0.000
0.017665000,3.292079,0.000
0.017670000,3.292925,0.000
0.017675000,3.295944,0.000
0.017680000,3.299418,0.000
0.017685000,3.301377,0.000
0.017690000,3.301090,0.000
0.017695000,3.299604,0.000
0.017700000,3.298905,0.000
0.017705000,3.300355,0.000
0.017710000,3.303607,0.000
0.017715000,3.306848,0.000
0.017720000,3.308175,0.000
0.017725000,3.307039,0.000
0.017730000,3.304659,0.000
0.017735000,3.303060,0.000
0.017740000,3.303509,0.000
0.017745000,3.305531,0.000
0.017750000,3.307281,0.000
0.017755000,3.306982,0.000
0.017760000,3.304309,0.000
0.017765000,3.300664,0.000
0.017770000,3.298114,0.000
0.017775000,3.297823,0.000
0.017780000,3.299180,0.000
0.017785000,3.300304,0.000
0.017790000,3.299522,0.000
0.017795000,3.296697,0.000
0.017800000,3.293355,0.000
0.017805000,3.291532,0.000
0.017810000,3.292221,0.000
0.017815000,3.294620,0.000
0.017820000,3.296760,0.000
0.017825000,3.297031,0.000
0.017830000,3.295425,0.000
0.017835000,3.293533,0.000
0.017840000,3.293305,0.000
0.017845000,3.295526,0.000
0.017850000,3.299186,0.000
0.017855000,3.302236,0.000
0.017860000,3.303144,0.000
0.017865000,3.302047,0.000
0.017870000,3.300615,0.000
0.017875000,3.300733,0.000
0.017880000,3.303015,0.000
0.017885000,3.306305,0.000
0.017890000,3.308549,0.000
0.017895000,3.308363,0.000
0.017900000,3.306089,0.000
0.017905000,3.303526,0.000
0.017910000,3.302537,0.000
0.017915000,3.303614,0.000
0.017920000,3.305508,0.000
0.017925000,3.306210,0.000
0.017930000,3.304520,0.000
0.017935000,3.301001,0.000
0.017940000,3.297567,0.000
0.017945000,3.296038,0.000
0.017950000,3.296759,0.000
0.017955000,3.298368,0.000
0.017960000,3.298874,0.000
0.017965000,3.297223,0.000
0.017970000,3.294138,0.000
0.017975000,3.291576,0.000
0.017980000,3.291236,0.000
0.017985000,3.293255,0.000
0.017990000,3.296104,0.000
0.017995000,3.297773,0.000
0.018000000,3.297314,0.000
0.018005000,3.295560,0.000
0.018010000,3.294467,0.000
0.018015000,3.295579,0.000
0.018020000,3.298813,0.000
0.018025000,3.302491,0.000
0.018030000,3.304610,0.000
0.018035000,3.304359,0.000
0.018040000,3.302713,0.000
0.018045000,3.301656,0.000
0.018050000,3.302618,0.000
0.018055000,3.305353,0.000
0.018060000,3.308107,0.000
0.018065000,3.308962,0.000
0.018070000,3.307311,0.000
0.018075000,3.304323,0.000
0.018080000,3.302045,0.000
0.018085000,3.301829,0.000
0.018090000,3.303305,0.000
0.018095000,3.304681,0.000
0.018100000,3.304158,0.000
0.018105000,3.301338,0.000
0.018110000,3.297568,0.000
0.018115000,3.294924,0.000
0.018120000,3.294639,0.000
0.018125000,3.296182,0.000
0.018130000,3.297690,0.000
0.018135000,3.297437,0.000
0.018140000,3.295184,0.000
0.018145000,3.292380,0.000
0.018150000,3.291054,0.000
0.018155000,3.292252,0.000
0.018160000,3.295227,0.000
0.018165000,3.298012,0.000
0.018170000,3.298926,0.000
0.018175000,3.297855,0.000
0.018180000,3.296321,0.000
0.018185000,3.296279,0.000
0.018190000,3.298581,0.000
0.018195000,3.302286,0.000
0.018200000,3.305360,0.000
0.018205000,3.306213,0.000
0.018210000,3.304905,0.000
0.018215000,3.303067,0.000
0.018220000,3.302625,0.000
0.018225000,3.304289,0.000
0.018230000,3.306994,0.000
0.018235000,3.308715,0.000
0.018240000,3.308026,0.000
0.018245000,3.305210,0.000
0.018250000,3.302043,0.000
0.018255000,3.300444,0.000
0.018260000,3.301004,0.000
0.018265000,3.302558,0.000
0.018270000,3.303109,0.000
0.018275000,3.301399,0.000
0.018280000,3.297914,0.000
0.018285000,3.294532,0.000
0.018290000,3.293110,0.000
0.018295000,3.294070,0.000
0.018300000,3.296100,0.000
0.018305000,3.297189,0.000
0.018310000,3.296193,0.000
0.018315000,3.293734,0.000
0.018320000,3.291722,0.000
0.018325000,3.291879,0.000
0.018330000,3.294405,0.000
0.018335000,3.297809,0.000
0.018340000,3.300046,0.000
0.018345000,3.300077,0.000
0.018350000,3.298643,0.000
0.018355000,3.297669,0.000
0.018360000,3.298745,0.000
0.018365000,3.301868,0.000
0.018370000,3.305417,0.000
0.018375000,3.307371,0.000
0.018380000,3.306852,0.000
0.018385000,3.304773,0.000
0.018390000,3.303120,0.000
0.018395000,3.303401,0.000
0.018400000,3.305474,0.000
0.018405000,3.307653,0.000
0.018410000,3.308014,0.000
0.018415000,3.305892,0.000
0.018420000,3.302404,0.000
0.018425000,3.299609,0.000
0.018430000,3.298939,0.000
0.018435000,3.300118,0.000
0.018440000,3.301406,0.000
0.018445000,3.300970,0.000
0.018450000,3.298332,0.000
0.018455000,3.294769,0.000
0.018460000,3.292350,0.000
0.018465000,3.292366,0.000
0.018470000,3.294351,0.000
0.018475000,3.296461,0.000
0.018480000,3.296905,0.000
0.018485000,3.295341,0.000
0.018490000,3.293134,0.000
0.018495000,3.292299,0.000
0.018500000,3.293933,0.000
0.018505000,3.297351,0.000
0.018510000,3.300593,0.000
0.018515000,3.301918,0.000
0.018520000,3.301114,0.000
0.018525000,3.299641,0.000
0.018530000,3.299467,0.000
0.018535000,3.301519,0.000
0.018540000,3.304942,0.000
0.018545000,3.307726,0.000
0.018550000,3.308245,0.000
0.018555000,3.306485,0.000
0.018560000,3.304049,0.000
0.018565000,3.302904,0.000
0.018570000,3.303861,0.000
0.018575000,3.305952,0.000
0.018580000,3.307183,0.000
0.018585000,3.306091,0.000
0.018590000,3.302892,0.000
0.018595000,3.299334,0.000
0.018600000,3.297377,0.000
0.018605000,3.297704,0.000
0.018610000,3.299225,0.000
0.018615000,3.299947,0.000
0.018620000,3.298547,0.000
0.018625000,3.295417,0.000
0.018630000,3.292388,0.000
0.018635000,3.291339,0.000
0.018640000,3.292758,0.000
0.018645000,3.295378,0.000
0.018650000,3.297164,0.000
0.018655000,3.296883,0.000
0.018660000,3.295052,0.000
0.018665000,3.293527,0.000
0.018670000,3.294056,0.000
0.018675000,3.296905,0.000
0.018680000,3.300630,0.000
0.018685000,3.303164,0.000
0.018690000,3.303387,0.000
0.018695000,3.301958,0.000
0.018700000,3.300778,0.000
0.018705000,3.301493,0.000
0.018710000,3.304193,0.000
0.018715000,3.307325,0.000
0.018720000,3.308867,0.000
0.018725000,3.307880,0.000
0.018730000,3.305225,0.000
0.018735000,3.302889,0.000
0.018740000,3.302458,0.000
0.018745000,3.303898,0.000
0.018750000,3.305592,0.000
0.018755000,3.305611,0.000
0.018760000,3.303223,0.000
0.018765000,3.299489,0.000
0.018770000,3.296465,0.000
0.018775000,3.295649,0.000
0.018780000,3.296853,0.000
0.018785000,3.298376,0.000
0.018790000,3.298345,0.000
0.018795000,3.296191,0.000
0.018800000,3.293107,0.000
0.018805000,3.291142,0.000
0.018810000,3.291634,0.000
0.018815000,3.294180,0.000
0.018820000,3.296949,0.000
0.018825000,3.298091,0.000
0.018830000,3.297157,0.000
0.018835000,3.295430,0.000
0.018840000,3.294911,0.000
0.018845000,3.296754,0.000
0.018850000,3.300343,0.000
0.018855000,3.303742,0.000
0.018860000,3.305157,0.000
0.018865000,3.304297,0.000
0.018870000,3.302564,0.000
0.018875000,3.301949,0.000
0.018880000,3.303465,0.000
0.018885000,3.306351,0.000
0.018890000,3.308639,0.000
0.018895000,3.308670,0.000
0.018900000,3.306369,0.000
0.018905000,3.303305,0.000
0.018910000,3.301487,0.000
0.018915000,3.301825,0.000
0.018920000,3.303444,0.000
0.018925000,3.304383,0.000
0.018930000,3.303135,0.000
0.018935000,3.299839,0.000
0.018940000,3.296203,0.000
0.018945000,3.294214,0.000
0.018950000,3.294634,0.000
0.018955000,3.296436,0.000
0.018960000,3.297628,0.000
0.018965000,3.296807,0.000
0.018970000,3.294266,0.000
0.018975000,3.291776,0.000
0.018980000,3.291226,0.000
0.018985000,3.293167,0.000
0.018990000,3.296378,0.000
0.018995000,3.298802,0.000
0.019000000,3.299119,0.000
0.019005000,3.297746,0.000
0.019010000,3.296490,0.000
0.019015000,3.297127,0.000
0.019020000,3.300000,0.000
0.019025000,3.303723,0.000
0.019030000,3.306225,0.000
0.019035000,3.306316,0.000
0.019040000,3.304584,0.000
0.019045000,3.302915,0.000
0.019050000,3.303017,0.000
0.019055000,3.305083,0.000
0.019060000,3.307637,0.000
0.019065000,3.308665,0.000
0.019070000,3.307176,0.000
0.019075000,3.303972,0.000
0.019080000,3.301042,0.000
0.019085000,3.300044,0.000
0.019090000,3.301045,0.000
0.019095000,3.302493,0.000
0.019100000,3.302447,0.000
0.019105000,3.300105,0.000
0.019110000,3.296451,0.000
0.019115000,3.293530,0.000
0.019120000,3.292890,0.000
0.019125000,3.294416,0.000
0.019130000,3.296441,0.000
0.019135000,3.297047,0.000
0.019140000,3.295564,0.000
0.019145000,3.293092,0.000
0.019150000,3.291656,0.000
0.019155000,3.292633,0.000
0.019160000,3.295682,0.000
0.019165000,3.298992,0.000
0.019170000,3.300661,0.000
0.019175000,3.300141,0.000
0.019180000,3.298637,0.000
0.019185000,3.298143,0.000
0.019190000,3.299878,0.000
0.019195000,3.303307,0.000
0.019200000,3.306530,0.000
0.019205000,3.307723,0.000
0.019210000,3.306520,0.000
0.019215000,3.304277,0.000
0.019220000,3.303012,0.000
0.019225000,3.303831,0.000
0.019230000,3.306072,0.000
0.019235000,3.307818,0.000
0.019240000,3.307382,0.000
0.019245000,3.304624,0.000
0.019250000,3.301076,0.000
0.019255000,3.298781,0.000
0.019260000,3.298738,0.000
0.019265000,3.300160,0.000
0.019270000,3.301110,0.000
0.019275000,3.300028,0.000
0.019280000,3.296967,0.000
0.019285000,3.293579,0.000
0.019290000,3.291863,0.000
0.019295000,3.292648,0.000
0.019300000,3.294963,0.000
0.019305000,3.296809,0.000
0.019310000,3.296702,0.000
0.019315000,3.294829,0.000
0.019320000,3.292894,0.000
0.019325000,3.292797,0.000
0.019330000,3.295148,0.000
0.019335000,3.298779,0.000
0.019340000,3.301621,0.000
0.019345000,3.302278,0.000
0.019350000,3.301075,0.000
0.019355000,3.299778,0.000
0.019360000,3.300197,0.000
0.019365000,3.302764,0.000
0.019370000,3.306167,0.000
0.019375000,3.308341,0.000
0.019380000,3.308044,0.000
0.019385000,3.305800,0.000
0.019390000,3.303482,0.000
0.019395000,3.302864,0.000
0.019400000,3.304246,0.000
0.019405000,3.306234,0.000
0.019410000,3.306824,0.000
0.019415000,3.304970,0.000
0.019420000,3.301412,0.000
0.019425000,3.298129,0.000
0.019430000,3.296840,0.000
0.019435000,3.297701,0.000
0.019440000,3.299221,0.000
0.019445000,3.299437,0.000
0.019450000,3.297464,0.000
0.019455000,3.294202,0.000
0.019460000,3.291663,0.000
0.019465000,3.291437,0.000
0.019470000,3.293474,0.000
0.019475000,3.296134,0.000
0.019480000,3.297454,0.000
0.019485000,3.296662,0.000
0.019490000,3.294764,0.000
0.019495000,3.293754,0.000
0.019500000,3.295052,0.000
0.019505000,3.298388,0.000
0.019510000,3.301979,0.000
0.019515000,3.303883,0.000
0.019520000,3.303466,0.000
0.019525000,3.301862,0.000
0.019530000,3.301070,0.000
0.019535000,3.302378,0.000
0.019540000,3.305350,0.000
0.019545000,3.308135,0.000
0.019550000,3.308887,0.000
0.019555000,3.307176,0.000
0.019560000,3.304317,0.000
0.019565000,3.302354,0.000
0.019570000,3.302485,0.000
0.019575000,3.304151,0.000
0.019580000,3.305483,0.000
0.019585000,3.304765,0.000
0.019590000,3.301788,0.000
0.019595000,3.298035,0.000
0.019600000,3.295568,0.000
0.019605000,3.295464,0.000
0.019610000,3.297011,0.000
0.019615000,3.298291,0.000
0.019620000,3.297682,0.000
0.019625000,3.295140,0.000
0.019630000,3.292245,0.000
0.019635000,3.291000,0.000
0.019640000,3.292289,0.000
0.019645000,3.295196,0.000
0.019650000,3.297714,0.000
0.019655000,3.298281,0.000
0.019660000,3.296979,0.000
0.019665000,3.295446,0.000
0.019670000,3.295593,0.000
0.019675000,3.298098,0.000
0.019680000,3.301856,0.000
0.019685000,3.304801,0.000
0.019690000,3.305473,0.000
0.019695000,3.304117,0.000
0.019700000,3.302464,0.000
0.019705000,3.302372,0.000
0.019710000,3.304368,0.000
0.019715000,3.307224,0.000
0.019720000,3.308897,0.000
0.019725000,3.308098,0.000
0.019730000,3.305290,0.000
0.019735000,3.302335,0.000
0.019740000,3.301067,0.000
0.019745000,3.301890,0.000
0.019750000,3.303490,0.000
0.019755000,3.303870,0.000
0.019760000,3.301923,0.000
0.019765000,3.298317,0.000
0.019770000,3.295006,0.000
0.019775000,3.293754,0.000
0.019780000,3.294797,0.000
0.019785000,3.296692,0.000
0.019790000,3.297449,0.000
0.019795000,3.296092,0.000
0.019800000,3.293424,0.000
0.019805000,3.291417,0.000
0.019810000,3.291692,0.000
0.019815000,3.294262,0.000
0.019820000,3.297517,0.000
0.019825000,3.299453,0.000
0.019830000,3.299200,0.000
0.019835000,3.297673,0.000
0.019840000,3.296842,0.000
0.019845000,3.298175,0.000
0.019850000,3.301481,0.000
0.019855000,3.305024,0.000
0.019860000,3.306834,0.000
0.019865000,3.306204,0.000
0.019870000,3.304209,0.000
0.019875000,3.302855,0.000
0.019880000,3.303513,0.000
0.019885000,3.305848,0.000
0.019890000,3.308071,0.000
0.019895000,3.308322,0.000
0.019900000,3.306109,0.000
0.019905000,3.302704,0.000
0.019910000,3.300169,0.000
0.019915000,3.299790,0.000
0.019920000,3.301105,0.000
0.019925000,3.302287,0.000
0.019930000,3.301587,0.000
0.019935000,3.298713,0.000
0.019940000,3.295087,0.000
0.019945000,3.292776,0.000
0.019950000,3.292918,0.000
0.019955000,3.294870,0.000
0.019960000,3.296723,0.000
0.019965000,3.296790,0.000
0.019970000,3.294919,0.000
0.019975000,3.292614,0.000
0.019980000,3.291872,0.000
0.019985000,3.293631,0.000
0.019990000,3.297033,0.000
0.019995000,3.300069,0.000
0.020000000,3.301108,0.000
